REFRIGERANTE FRAMBOESA GRAPETTE 250ML;R$ 0,79;BIG AMIGAO F4;RUA FRANCISCA MENDES, NRO 2360, CIDADE DE DEUS, NAO INFORMADO, MANAUS-AM, CEP 69099-345
REFRIGERANTE ICE COLA 250ML;R$ 0,89;BIG AMIGAO F4;RUA FRANCISCA MENDES, NRO 2360, CIDADE DE DEUS, NAO INFORMADO, MANAUS-AM, CEP 69099-345
REFRIGERANTE ICE COLA 250ML;R$ 0,99;SUPERMERCADO NORDESTE;AV TORQUATO TAPAJOS, NRO 10949, TARUMA, NAO INFORMADO, MANAUS-AM, CEP 69041-025
REFRIGERANTE 220ML F;R$ 0,99;COMERCIAL SAO MARCOS LTDA ME;R TABIRA, NRO 728, ALVORADA, MANAUS-AM, CEP 69046-380
REFRIGERANTE GRAPETTE 250ML;R$ 1,00;MERCADINHO E ACOUGUE OLIVEIRA;AVE BEIRA RIO, NRO 223, COROADO, MANAUS-AM, CEP 69082-660
REFRIGERANTE;R$ 1,00;MERCADINHO RIO JORDAO;AV 7 DE MAIO, NRO 1337, SANTA ETELVINA, MANAUS-AM, CEP 69059-423
REFRIGERANTE GRAPETTE 250 ML;R$ 1,00;PANIFICADORA KATIUCIA;RUA FIALHO D'ALMEIDA, NRO 056, COMPENSA, MANAUS-AM, CEP 69035-070
REFRIGERANTE ICE COLA 250ML;R$ 1,00;MERCADINHO 2 IRMAOS;RUA TERRA NOVA, CASA 1, NRO 415, SAO JOSE OPERARIO, MANAUS-AM, CEP 69085-080
REFRIGERANTE PEPSI COLA PET 237ML;R$ 1,09;SUPERMERCADO NORDESTE;AV TORQUATO TAPAJOS, NRO 10949, TARUMA, NAO INFORMADO, MANAUS-AM, CEP 69041-025
REFRIGERANTE ICE COLA 250ML;R$ 1,09;SUPERMECADO CEZAR CIA LTDA;RUA 7B, NRO 001, SAO JOSE OPER., MANAUS-AM, CEP 69086-083
REFRIGERANTE LARANJINHA 250ML;R$ 1,20;MERCADINHO POPULAR;AVE RIO MADEIRA, NRO 440, N S DAS GRACAS, MANAUS-AM, CEP 69053-030
REFRIGERANTE MINI SCHIN COLA 250ML;R$ 1,25;MERCADINHO BOM PRECO;R ADALBERTO VALE, NRO 371, BETANIA, MANAUS-AM, CEP 69073-040
REFRIGERANTE GUARANA ANTARCTICA CACULINHA;R$ 1,25;MERCADINHO SALVADOR;R JOAO PAULO I, NRO 336, ALVORADA, MANAUS-AM, CEP 69042-210
REFRIGERANTE TUCHAUA;R$ 1,25;CASA DE CARNE;AV. COSME FERREIRA, NRO 6110, ZUMBI DOS PALMARES, MANAUS-AM, CEP 69084-425
REFRIGERANTE FLESH LARANJA 350ML;R$ 1,29;SUPERMERCADO NORDESTE;AV TORQUATO TAPAJOS, NRO 10949, TARUMA, NAO INFORMADO, MANAUS-AM, CEP 69041-025
REFRIGERANTE FRUIT ORANGE 350ML;R$ 1,29;BIG AMIGAO F4;RUA FRANCISCA MENDES, NRO 2360, CIDADE DE DEUS, NAO INFORMADO, MANAUS-AM, CEP 69099-345
REFRIGERANTE REGENTE 350ML;R$ 1,35;MARA FRIOS;AV NOEL NUTELS - CONJ CN ET 1, NRO 20, CIDADE NOVA, MANAUS-AM, CEP 69093-770
REFRIGERANTE MAGISTRAL GOLD 350ML;R$ 1,39;SUPERMERCADO NORDESTE;AV TORQUATO TAPAJOS, NRO 10949, TARUMA, NAO INFORMADO, MANAUS-AM, CEP 69041-025
REFRIGERANTE GRAPETTE 350ML;R$ 1,40;MERCADINHO JAPONES;RUA MANOEL MARQUES DE SOUZA, NRO 242, PARQUE DEZ, MANAUS-AM, CEP 69055-240
REFRIGERANTE MAGISTRAL GUARANA PT 350ML FABRICA MAGISTRAL;R$ 1,40;PADARIA LISBOA;RUA VOLUNTARIOS DA PATRIA, NRO 432, VILA DA PRATA, MANAUS-AM, CEP 69030-520
REFRIGERANTE MAGISTRAL 350ML;R$ 1,40;MERCADINHO JAPONES;RUA MANOEL MARQUES DE SOUZA, NRO 242, PARQUE DEZ, MANAUS-AM, CEP 69055-240
REFRIGERANTE MAGISTRAL GOLD 350ML;R$ 1,40;MERCADINHO JAPONES;RUA MANOEL MARQUES DE SOUZA, NRO 242, PARQUE DEZ, MANAUS-AM, CEP 69055-240
REFRIGERANTE FANTA L;R$ 1,49;CARREFOUR;AV DJALMA BATISTA 482 LOJA B  CHAPADA, NRO 482, CHAPADA, LOJA B, MANAUS-AM, CEP 69050-902
REFRIGERANTE GURY LARANJA 350ML;R$ 1,49;BIG AMIGAO F1;RUA DOS BARES, NRO 425, CENTRO, NAO INFORMADO, MANAUS-AM, CEP 69005-020
REFRIGERANTE GRAPETTE 350ML;R$ 1,49;BIG AMIGAO F4;RUA FRANCISCA MENDES, NRO 2360, CIDADE DE DEUS, NAO INFORMADO, MANAUS-AM, CEP 69099-345
REFRIGERANTE GURY LARANJA 350ML;R$ 1,49;SUPERMERCADO NORDESTE;AV TORQUATO TAPAJOS, NRO 10949, TARUMA, NAO INFORMADO, MANAUS-AM, CEP 69041-025
REFRIGERANTE MAGISTR;R$ 1,49;SUPER JB;AVE BARAO DO RIO BRANCO, NRO 015, FLORES, MANAUS-AM, CEP 69058-581
REFRIGERANTE MAGISTRAL 350ML;R$ 1,49;SUPERMERCADO NORDESTE;AV TORQUATO TAPAJOS, NRO 10949, TARUMA, NAO INFORMADO, MANAUS-AM, CEP 69041-025
REFRIGERANTE GURY COLA 350ML;R$ 1,49;BIG AMIGAO F1;RUA DOS BARES, NRO 425, CENTRO, NAO INFORMADO, MANAUS-AM, CEP 69005-020
REFRIGERANTE FLESH;R$ 1,49;SUPER JB;AVE BARAO DO RIO BRANCO, NRO 015, FLORES, MANAUS-AM, CEP 69058-581
REFRIGERANTE MAGISTRAL 350ML;R$ 1,50;MERCADINHO SALVADOR;R JOAO PAULO I, NRO 336, ALVORADA, MANAUS-AM, CEP 69042-210
COCA COLA REFRIGERANTE DE COLA SABOR ORIGINAL,250ML;R$ 1,50;MERCADINHO UNIAO;AV DUQUE DE CAXIAS, NRO 1246, PRACA 14 DE JANEIRO, MANAUS-AM, CEP 69020-141
REFRIGERANTE COCA-COLA PET 250ML [DIVERSOS];R$ 1,50;COMERCIAL RHYANNA;RUA GUAJURU, NRO 012, CIDADE NOVA, MANAUS-AM, CEP 69090-326
REFRIGERANTE GUARANA TUCHAUA CHAMP PET 250ML;R$ 1,50;ESQUINA DAS FRUTAS E VERDURAS;R LUIS OTAVIO, NRO 002, SANTA ETELVINA, A, MANAUS-AM, CEP 69059-320
REFRIGERANTE MAGISTRAL 350ML;R$ 1,50;MERCADINHO WM;AV. RIO NEGRO NUMERO 11, NRO 011, PARQUE 10 DE NOVEMBR, MANAUS-AM, CEP 69050-520
REFRIGERANTE GUARANA;R$ 1,50;MERCADINHO VERONA;AV OSCAR BOREL, NRO 233, COMPENSA, MANAUS-AM, CEP 69035-210
CITRUS,SANTA CLAUDIA REFRIGERANTE DE FRUTAS,350ML;R$ 1,50;MERCADINHO UNIAO;AV DUQUE DE CAXIAS, NRO 1246, PRACA 14 DE JANEIRO, MANAUS-AM, CEP 69020-141
REFRIGERANTE FANTA PET 250ML;R$ 1,50;MERCADINHO ADAO EVA;RUA PROFESSORA RAIMUNDA MAGALHAES, NRO 103, COROADO II, MANAUS-AM, CEP 69080-271
REFRIGERANTE MAGISTRAL 350ML;R$ 1,50;MERCADINHO VALE DO SOL;RUA DA PASSAGEM, NRO 012, JARDIM PETROPOLIS, MANAUS-AM, CEP 69067-332
REFRIGERANTE COCA COLA PET 25;R$ 1,50;MERCADINHO ADAO EVA;RUA PROFESSORA RAIMUNDA MAGALHAES, NRO 103, COROADO II, MANAUS-AM, CEP 69080-271
REFRIGERANTE GUARANA REAL 350ML;R$ 1,50;COMERCIAL DA NEGUINHA;RUA MARQUESA DE SANTOS, NRO 453, JORGE TEIXEIRA, MANAUS-AM, CEP 69080-000
REFIRIGERANTE REGENTE PET 350ML;R$ 1,50;ESQUINA DAS FRUTAS E VERDURAS;R LUIS OTAVIO, NRO 002, SANTA ETELVINA, A, MANAUS-AM, CEP 69059-320
REFRIGERANTE CITRUS;R$ 1,50;COM DE LATI E FRIOS SAO JORGE LTDA;RUA PAULO EDUARDO DE LIMA, NRO 1105, CIDADE NOVA, MANAUS-AM, CEP 69095-670
REFRIGERANTE MAGISTRAL TRADICIONAL PET 350ML;R$ 1,50;VAREJAO VIEIRALVES;AV JOAO VALERIO, NRO 664, NOSSA SENHORA DAS GRACAS, MANAUS-AM, CEP 69053-140
REFRIGERANTE MAGISTRAL REGENTE 350 ML;R$ 1,50;MERCADINHO SALVADOR;R JOAO PAULO I, NRO 336, ALVORADA, MANAUS-AM, CEP 69042-210
REFRIGERANTE MAGISTRAL 350 ML GOLD...;R$ 1,50;MERCADINHO E PANIFICADORA GASPAR;RUA JAMAICA, QD 175, CONJ. NOVA CIDADE, NRO 91, CIDADE NOVA, MANAUS-AM, CEP 69000-000
REFRIGERANTE DE GUARANA REAL GOLD 350ML;R$ 1,50;MERCADINHO E ACOUGUE PAULÞO;RUA ASA BRANCA, NRO 21, TARUMA, MANAUS-AM, CEP 69041-180
REFRIGERANTE G. L. 3;R$ 1,50;PANIFICADORA BARCELONA;RUA PROF. RAYMUNDA MAGALHAES, NRO 105, COROADO II, MANAUS-AM, CEP 69070-280
REFRIGERANTE - REAL 350ML;R$ 1,50;MERCADINHO JOAO DOURADO;RUA JOAO DOURADO, NRO 036, NOVO ALEIXO, QD F31 LT36, MANAUS-AM, CEP 69098-198
REFRIGERANTE FLESH LARANJA 350ML;R$ 1,50;ESQUINA DAS FRUTAS E VERDURAS;R LUIS OTAVIO, NRO 002, SANTA ETELVINA, A, MANAUS-AM, CEP 69059-320
REFRIGERANTE MAGISTRAL GOLD 350ML;R$ 1,50;MERCADINHO POPULAR;AVE RIO MADEIRA, NRO 440, N S DAS GRACAS, MANAUS-AM, CEP 69053-030
REFRIGERANTE GRAPETTE UVA VERDE 250ML;R$ 1,50;MERCADINHO BRASIL;R BARAO DE SAO DOMINGOS, NRO 061, CENTRO, MANAUS-AM, CEP 69005-010
REFRIGERANTE GRAPETTE 350ML;R$ 1,50;MERCADINHO UNIAO;AV DUQUE DE CAXIAS, NRO 1246, PRACA 14 DE JANEIRO, MANAUS-AM, CEP 69020-141
REFRIGERANTE GRAPPET;R$ 1,50;PANIFICADORA KATIUCIA;AV. CONSTANTINO NERY, NRO 110, CENTRO, MANAUS-AM, CEP 69000-000
REFRIGERANTE COCA COLA PT 250ML UN COCA COLA;R$ 1,54;PADARIA LISBOA;RUA VOLUNTARIOS DA PATRIA, NRO 432, VILA DA PRATA, MANAUS-AM, CEP 69030-520
REFRIGERANTE REAL 26;R$ 1,55;SUPERMERCADO NOVA CIDADE;MARGARITA, NRO 35, CIDADE NOVA, MANAUS-AM, CEP 69097-207
REFRIGERANTE COCA CO;R$ 1,59;CARREFOUR;AV JORNALISTA HUMBERTO CALDERARO FILHO 203, NRO 203, ADRIANOPOLIS, MANAUS-AM, CEP 69057-015
REFRIGERANTE COCA COLA PET ZERO 250ML UND;R$ 1,70;VAREJAO VIEIRALVES;AV JOAO VALERIO, NRO 664, NOSSA SENHORA DAS GRACAS, MANAUS-AM, CEP 69053-140
REFRIGERANTE BARE LA;R$ 1,70;MERCADINHO VERONA;AV OSCAR BOREL, NRO 233, COMPENSA, MANAUS-AM, CEP 69035-210
REFRIGERANTE GRAPETTE UVA 35OML;R$ 1,75;MERCADINHO 3 CORACOES;RUA VEIGA MIRANDA, NRO 590, SANTO ANTONIO, MANAUS-AM, CEP 69029-340
REFRIGERANTE MAGISTRAL GOLD 350G;R$ 1,75;MERCADINHO 3 CORACOES;RUA VEIGA MIRANDA, NRO 590, SANTO ANTONIO, MANAUS-AM, CEP 69029-340
REFRIGERANTE MAGISTRAL GRAPETTE UVA 35OML;R$ 1,75;MERCADINHO SALVADOR;R JOAO PAULO I, NRO 336, ALVORADA, MANAUS-AM, CEP 69042-210
REFRIGERANTE GURY COLA 350ML;R$ 1,75;MERCADINHO BRASIL;R BARAO DE SAO DOMINGOS, NRO 061, CENTRO, MANAUS-AM, CEP 69005-010
REFRIGERANTE REGENTE 350ML;R$ 1,75;MERCADINHO BRASIL;R BARAO DE SAO DOMINGOS, NRO 061, CENTRO, MANAUS-AM, CEP 69005-010
REFRIGERANTE GURY LA;R$ 1,75;CASA DE CARNE;AV. COSME FERREIRA, NRO 6110, ZUMBI DOS PALMARES, MANAUS-AM, CEP 69084-425
REFRIGERANTE DE FRUTA YARA CITRUS 350ML;R$ 1,75;MERCADINHO E ACOUGUE PAULÞO;RUA ASA BRANCA, NRO 21, TARUMA, MANAUS-AM, CEP 69041-180
REFRIGERANTE FANTA LARANJA  250ML UND;R$ 1,75;VAREJAO VIEIRALVES;AV JOAO VALERIO, NRO 664, NOSSA SENHORA DAS GRACAS, MANAUS-AM, CEP 69053-140
REFRIGERANTE COCA COLA   250ML UND;R$ 1,75;VAREJAO VIEIRALVES;AV JOAO VALERIO, NRO 664, NOSSA SENHORA DAS GRACAS, MANAUS-AM, CEP 69053-140
REFRIGERANTE GURY CO;R$ 1,75;CASA DE CARNE;AV. COSME FERREIRA, NRO 6110, ZUMBI DOS PALMARES, MANAUS-AM, CEP 69084-425
REFRIGERANTE GURY LARANJA 350ML;R$ 1,75;MERCADINHO BRASIL;R BARAO DE SAO DOMINGOS, NRO 061, CENTRO, MANAUS-AM, CEP 69005-010
REFRIGERANTE COCA COLA PET 250ML;R$ 1,79;SUPERMERCADO NORDESTE;AV TORQUATO TAPAJOS, NRO 10949, TARUMA, NAO INFORMADO, MANAUS-AM, CEP 69041-025
REFRIGERANTE FANTA LARANJA 250ML;R$ 1,89;SUPERMERCADO NORDESTE;AV TORQUATO TAPAJOS, NRO 10949, TARUMA, NAO INFORMADO, MANAUS-AM, CEP 69041-025
REFRIGERANTE FANTA LARANJA PET 250ML;R$ 1,89;EXPRESSO TARUMA;R J. LEITE, NRO 292, TARUMA, MANAUS-AM, CEP 69022-160
REFRIGERANTE COCA COLA 250ML;R$ 1,89;EXPRESSO TARUMA;R J. LEITE, NRO 292, TARUMA, MANAUS-AM, CEP 69022-160
REFRIGERANTE FANTA SLEEK LARANJA 310ML;R$ 1,99;BIG AMIGAO F4;RUA FRANCISCA MENDES, NRO 2360, CIDADE DE DEUS, NAO INFORMADO, MANAUS-AM, CEP 69099-345
REFRIGERANTE ANTARTI;R$ 1,99;MERCADINHO VERONA;AV OSCAR BOREL, NRO 233, COMPENSA, MANAUS-AM, CEP 69035-210
REFRIGERANTE MAGISTRAL  GUARANA 600ML UND;R$ 1,99;VAREJAO VIEIRALVES;AV JOAO VALERIO, NRO 664, NOSSA SENHORA DAS GRACAS, MANAUS-AM, CEP 69053-140
REFRIGERANTE HYDRO LIMAO ZERO ACUCAR 510ML U;R$ 1,99;VAREJAO VIEIRALVES;AV JOAO VALERIO, NRO 664, NOSSA SENHORA DAS GRACAS, MANAUS-AM, CEP 69053-140
REFRIGERANTE COCA COLA LT 350ML;R$ 1,99;BIG AMIGAO F4;RUA FRANCISCA MENDES, NRO 2360, CIDADE DE DEUS, NAO INFORMADO, MANAUS-AM, CEP 69099-345
REFRIGERANTE PEPSI L;R$ 1,99;MERCADINHO VERONA;AV OSCAR BOREL, NRO 233, COMPENSA, MANAUS-AM, CEP 69035-210
REFRIGERANTE NATUCRI;R$ 2,00;MERCADINHO SAO JOSE;AV. LAGUNA, NRO 689, LIRIO DO VALE I, MANAUS-AM, CEP 69037-730
REFRIGERANTE COCA219;R$ 2,00;ILHA GELADA TIMBIRAS;AV. TIMBIRAS, NRO 92, CIDADE NOVA II, LOJA C, MANAUS-AM, CEP 69094-000
REFRIGERANTE GUARANA REAL CLASSICO 350ML REAL BEBIDAS DA AMAZ LTDA;R$ 2,03;PADARIA LISBOA;RUA VOLUNTARIOS DA PATRIA, NRO 432, VILA DA PRATA, MANAUS-AM, CEP 69030-520
REFRIGERANTE FANTA LARANJA SLEEK 220ML COCA COLA;R$ 2,06;PADARIA LISBOA;RUA VOLUNTARIOS DA PATRIA, NRO 432, VILA DA PRATA, MANAUS-AM, CEP 69030-520
REFRIGERANTE BARE LATA 350ML;R$ 2,19;SUPERMERCADO NORDESTE;AV TORQUATO TAPAJOS, NRO 10949, TARUMA, NAO INFORMADO, MANAUS-AM, CEP 69041-025
REFRIGERANTE GURY LARANJA 1,5L;R$ 2,19;BIG AMIGAO F4;RUA FRANCISCA MENDES, NRO 2360, CIDADE DE DEUS, NAO INFORMADO, MANAUS-AM, CEP 69099-345
REFRIGERANTE ANTARCTICA LATA 350ML;R$ 2,19;SUPERMERCADO NORDESTE;AV TORQUATO TAPAJOS, NRO 10949, TARUMA, NAO INFORMADO, MANAUS-AM, CEP 69041-025
REFRIGERANTE FANTA  UVA 310ML UND;R$ 2,25;VAREJAO VIEIRALVES;AV JOAO VALERIO, NRO 664, NOSSA SENHORA DAS GRACAS, MANAUS-AM, CEP 69053-140
REFRIGERANTE GUARANA ANTARCTIC;R$ 2,25;MERCADINHO ADAO EVA;RUA PROFESSORA RAIMUNDA MAGALHAES, NRO 103, COROADO II, MANAUS-AM, CEP 69080-271
REFRIGERANTE FANTA LARANJA LATA 310ML UND;R$ 2,25;VAREJAO VIEIRALVES;AV JOAO VALERIO, NRO 664, NOSSA SENHORA DAS GRACAS, MANAUS-AM, CEP 69053-140
REFRIGERANTE SUKITA LATA 350ML;R$ 2,25;MERCADINHO RIO JORDAO;AV 7 DE MAIO, NRO 1337, SANTA ETELVINA, MANAUS-AM, CEP 69059-423
REFRIGERANTE ICE COLA 1,5L;R$ 2,29;BIG AMIGAO F4;RUA FRANCISCA MENDES, NRO 2360, CIDADE DE DEUS, NAO INFORMADO, MANAUS-AM, CEP 69099-345
REFRIGERANTE FANTA UVA 310ML;R$ 2,35;EXPRESSO TARUMA;R J. LEITE, NRO 292, TARUMA, MANAUS-AM, CEP 69022-160
REFRIGERANTE GUARANA REAL GOLD LATA 269ML REAL BEBIDAS DA AMAZ LTDA;R$ 2,38;PADARIA LISBOA;RUA VOLUNTARIOS DA PATRIA, NRO 432, VILA DA PRATA, MANAUS-AM, CEP 69030-520
REFRIGERANTE FRUIT ORANGE 2L;R$ 2,39;BIG AMIGAO F1;RUA DOS BARES, NRO 425, CENTRO, NAO INFORMADO, MANAUS-AM, CEP 69005-020
REFRIGERANTE FANTA  LARANJA 500ML UND;R$ 2,40;VAREJAO VIEIRALVES;AV JOAO VALERIO, NRO 664, NOSSA SENHORA DAS GRACAS, MANAUS-AM, CEP 69053-140
REFRIGERANTE BARE LATA GUARANA 350ML UND;R$ 2,40;VAREJAO VIEIRALVES;AV JOAO VALERIO, NRO 664, NOSSA SENHORA DAS GRACAS, MANAUS-AM, CEP 69053-140
REFRIGERANTE FANTA LARANJA 220ML;R$ 2,45;EXPRESSO TARUMA;R J. LEITE, NRO 292, TARUMA, MANAUS-AM, CEP 69022-160
REFRIGERANTE BARE 1L;R$ 2,49;SUPERMERCADO RODRIGUES;ITANNANA, NRO 291, N.SRA DAS GRACAS, NAO INFORMADO, MANAUS-AM, CEP 69053-540
REFRIGERANTE PEPSI LATA 350ML;R$ 2,49;CASA DE CARNE OTAVIO;RUA SAO EUSEBIO, NRO 219, TERRA NOVA, MANAUS-AM, CEP 69093-820
REFRIGERANTE SUKITA LATA 350ML;R$ 2,49;CASA DE CARNE OTAVIO;RUA SAO EUSEBIO, NRO 219, TERRA NOVA, MANAUS-AM, CEP 69093-820
REFRIGERANTE SUKITA;R$ 2,49;J.R.N.S COMERCIO DE PRODUTOS ALIMENTICIOS LTDA;AVE NHAMUNDA, NRO 1441, PRACA 14, MANAUS-AM, CEP 69020-190
REFRIGERANTE FANTA UVA LATA SLEENK 310ML COCA COLA;R$ 2,50;PADARIA LISBOA;RUA VOLUNTARIOS DA PATRIA, NRO 432, VILA DA PRATA, MANAUS-AM, CEP 69030-520
REFRIGERANTE GUARANA ANTARCTICA LT 350M;R$ 2,50;EXPRESSO TARUMA;R J. LEITE, NRO 292, TARUMA, MANAUS-AM, CEP 69022-160
REFRIGERANTE 1.5L RE;R$ 2,50;SUPERMERCADO NOVA CIDADE;MARGARITA, NRO 35, CIDADE NOVA, MANAUS-AM, CEP 69097-207
REFRIGERANTE 1.5L MA;R$ 2,50;SUPERMERCADO NOVA CIDADE;MARGARITA, NRO 35, CIDADE NOVA, MANAUS-AM, CEP 69097-207
REFRIGERANTE PEPSI LATA 350ML;R$ 2,50;GUGA CONVENIENCIA;RUA CEL. FERREIRA DE ARAUJO, NRO 809, PETROPOLIS, MANAUS-AM, CEP 69063-000
REFRIGERANTE DE COLA SCHIN 2LT;R$ 2,50;MERCADINHO BARATAO DO EDUCANDOS;AVE BENTO JOSE DE LIMA, NRO 330, EDUCANDOS, MANAUS-AM, CEP 69070-530
REFRIGERANTE 1.5L GU;R$ 2,50;SUPERMERCADO NOVA CIDADE;MARGARITA, NRO 35, CIDADE NOVA, MANAUS-AM, CEP 69097-207
REFRIGERANTE PEPSI COLA LT 350ML;R$ 2,50;EXPRESSO TARUMA;R J. LEITE, NRO 292, TARUMA, MANAUS-AM, CEP 69022-160
REFRIGERANTE COCA COLA ZERO  350ML UND;R$ 2,50;VAREJAO VIEIRALVES;AV JOAO VALERIO, NRO 664, NOSSA SENHORA DAS GRACAS, MANAUS-AM, CEP 69053-140
REFRIGERANTE BARE 1L;R$ 2,50;MERCADINHO ADAO EVA;RUA PROFESSORA RAIMUNDA MAGALHAES, NRO 103, COROADO II, MANAUS-AM, CEP 69080-271
REFRIGERANTE LATA FANTA UVA 310ML;R$ 2,50;MERCANTIL & ACOGUE BOM PRECO;AV SANTA MARIA DA PAZ, NRO 637, CIDADE DE DEUS, MANAUS-AM, CEP 69099-644
REFRIGERANTE GUARANA ANTARCTICA DIET LT;R$ 2,50;EXPRESSO TARUMA;R J. LEITE, NRO 292, TARUMA, MANAUS-AM, CEP 69022-160
REFRIGERANTE LA;R$ 2,50;FORMULA 2004;RUA JONATHAS PEDROSA, NRO 1594, PRACA 14 DE JANEIRO, MANAUS-AM, CEP 69020-110
REFRIGERANTE PEPSI LATA 350ML;R$ 2,50;MERCADINHO JAPONES;RUA MANOEL MARQUES DE SOUZA, NRO 242, PARQUE DEZ, MANAUS-AM, CEP 69055-240
FREEZER REFRIGERANTE LATA 350ML [DIVERSOS];R$ 2,50;DIST FORMIGUETE 3 IRMAOS;AV BRIGADEIRO HILARIO GURJAO FONE-33470057, NRO 068, JORGE TEIXEIRA, MANAUS-AM, CEP 69088-000
REFRIGERANTE GUARANA GOLD 350L;R$ 2,50;POSTO 7000;AV TORQUATO TAPAJOS, NRO 7033, TARUMA, MANAUS-AM, CEP 69041-025
REFRIGERANTE GUARANA BARE LT 350ML;R$ 2,50;EXPRESSO TARUMA;R J. LEITE, NRO 292, TARUMA, MANAUS-AM, CEP 69022-160
REFRIGERANTE MAGISTRAL GOLD 1,5L;R$ 2,50;MERCADINHO M. PINTO;R 5 DE SETEMBRO, N-532-A, NRO 532, SAO RAIMUNDO, MANAUS-AM, CEP 69000-000
REFRIGERANTE ANTARCTICA  LATA 350ML UND;R$ 2,50;VAREJAO VIEIRALVES;AV JOAO VALERIO, NRO 664, NOSSA SENHORA DAS GRACAS, MANAUS-AM, CEP 69053-140
REFRIGERANTE FANTA UVA LATA 310ML;R$ 2,50;BOX SMS;RUA SANTA CLAUDIA, NRO 13, SAO JOSE OPERARIO, MANAUS-AM, CEP 69090-090
REFRIGERANTE COCA COLA MINI LATA 220ML;R$ 2,50;POSTO BETANIA;AV ADALBERTO VALE, NRO 39, BETANIA, MANAUS-AM, CEP 69073-270
REFRIGERANTE LATA FA;R$ 2,50;MERCADINHO VERONA;AV OSCAR BOREL, NRO 233, COMPENSA, MANAUS-AM, CEP 69035-210
REFRIGERANTE MAGISTRAL GOLD 1,5 L 37608;R$ 2,50;MERCADINHO FORTALEZA;R NOVA OLINDA, NRO 002, JAPIIM, MANAUS-AM, CEP 69078-090
REFRIGERANTE DE GUARANA REGENTE 600ML FABRICA MAGISTRAL;R$ 2,50;PADARIA LISBOA;RUA VOLUNTARIOS DA PATRIA, NRO 432, VILA DA PRATA, MANAUS-AM, CEP 69030-520
REFRIGERANTE PEPSI LATA 350ML;R$ 2,50;MERCADINHO PEREIRA;RUA ITAETE, NRO 138, AMAZONINO MENDES, MANAUS-AM, CEP 69099-230
REFRIGERANTE ICE COLA 1.5LT;R$ 2,59;SUPERMERCADO NORDESTE;AV TORQUATO TAPAJOS, NRO 10949, TARUMA, NAO INFORMADO, MANAUS-AM, CEP 69041-025
REFRIGERANTE COCA350;R$ 2,59;CAMPEAO SUPERMERCADOS LTDA;RUA JOAO PAULO I, NRO 001, ALVORADA, MANAUS-AM, CEP 69043-000
REFRIGERANTE MAGISTRAL GOLD 1.5LT;R$ 2,59;SUPERMERCADO NORDESTE;AV TORQUATO TAPAJOS, NRO 10949, TARUMA, NAO INFORMADO, MANAUS-AM, CEP 69041-025
REFRIGERANTE MAGISTRAL GUARANA 1.5LT;R$ 2,59;SUPERMERCADO NORDESTE;AV TORQUATO TAPAJOS, NRO 10949, TARUMA, NAO INFORMADO, MANAUS-AM, CEP 69041-025
REFRIGERANTE FANTA LARANJA LT 350ML;R$ 2,60;EXPRESSO TARUMA;R J. LEITE, NRO 292, TARUMA, MANAUS-AM, CEP 69022-160
REFRIGERANTE COCA-CO;R$ 2,60;COM DE LATI E FRIOS SAO JORGE LTDA;RUA PAULO EDUARDO DE LIMA, NRO 1105, CIDADE NOVA, MANAUS-AM, CEP 69095-670
REFRIGERANTE COCA COLA ZERO LT 350ML;R$ 2,69;EXPRESSO TARUMA;R J. LEITE, NRO 292, TARUMA, MANAUS-AM, CEP 69022-160
REFRIGERANTE REAL GO;R$ 2,69;MERCADINHO VERONA;AV OSCAR BOREL, NRO 233, COMPENSA, MANAUS-AM, CEP 69035-210
REFRIGERANTE ORANGE;R$ 2,69;MERCADINHO VERONA;AV OSCAR BOREL, NRO 233, COMPENSA, MANAUS-AM, CEP 69035-210
REFRIGERANTE REAL CL;R$ 2,69;MERCADINHO VERONA;AV OSCAR BOREL, NRO 233, COMPENSA, MANAUS-AM, CEP 69035-210
REFRIGERANTE BARE 1L;R$ 2,69;MERCADINHO POPULAR;AVE RIO MADEIRA, NRO 440, N S DAS GRACAS, MANAUS-AM, CEP 69053-030
REFRIGERANTE COCA COLA LT 350ML;R$ 2,69;EXPRESSO TARUMA;R J. LEITE, NRO 292, TARUMA, MANAUS-AM, CEP 69022-160
REFRIGERANTE MAGISTRAL GOLD 1,5L;R$ 2,70;MERCADINHO JAPONES;RUA MANOEL MARQUES DE SOUZA, NRO 242, PARQUE DEZ, MANAUS-AM, CEP 69055-240
REFRIGERANTE MAGISTRAL 1,5L;R$ 2,70;MERCADINHO JAPONES;RUA MANOEL MARQUES DE SOUZA, NRO 242, PARQUE DEZ, MANAUS-AM, CEP 69055-240
REFRIGERANTE LATA COCA COLA 350ML UN COCA COLA;R$ 2,74;PADARIA LISBOA;RUA VOLUNTARIOS DA PATRIA, NRO 432, VILA DA PRATA, MANAUS-AM, CEP 69030-520
REFRIGERANTE LATA FANTA LARANJA 350ML UN COCA COLA;R$ 2,74;PADARIA LISBOA;RUA VOLUNTARIOS DA PATRIA, NRO 432, VILA DA PRATA, MANAUS-AM, CEP 69030-520
REFRIGERANTE BIZZ COLA 2LTS [NAO CADASTRADO];R$ 2,75;SUPER AVENIDA;AV CONDE DE SAPUCAI, NRO 625, MUNDO NOVO, MANAUS-AM, CEP 69098-000
REFRIGERANTE SCHIN GUARANA 2L;R$ 2,75;SUPERMERCADO JUMA 2;RUA CARIRE, NRO 42, NOVO ALEIXO, MANAUS-AM, CEP 69098-000
REFRIGERANTE MAGISTRAL GOLD PET DE 1.5L;R$ 2,75;MERCADINHO 3 CORACOES;RUA VEIGA MIRANDA, NRO 590, SANTO ANTONIO, MANAUS-AM, CEP 69029-340
REFRIGERANTE DE GUAR;R$ 2,75;COM DE LATI E FRIOS SAO JORGE LTDA;RUA PAULO EDUARDO DE LIMA, NRO 1105, CIDADE NOVA, MANAUS-AM, CEP 69095-670
REFRIGERANTE 1.5L MA;R$ 2,75;MERCADINHO BEVILAQUA;RUA CANACARI, NRO 301, LIRIO DO VALE, MANAUS-AM, CEP 69038-293
REFRIGERANTE COCA COLA LATA 350ML;R$ 2,75;MARTA SOLANGE SIMOES DA MOTA;RUA AMERICO ALVAREZ, NRO 215, JAPIIM, MANAUS-AM, CEP 69078-560
REFRIGERANTE GURY LARANJA PET 1,5 LITROS;R$ 2,75;MERCADINHO 3 CORACOES;RUA VEIGA MIRANDA, NRO 590, SANTO ANTONIO, MANAUS-AM, CEP 69029-340
REFRIGERANTE DE COLA;R$ 2,75;COM DE LATI E FRIOS SAO JORGE LTDA;RUA PAULO EDUARDO DE LIMA, NRO 1105, CIDADE NOVA, MANAUS-AM, CEP 69095-670
REFRIGERANTE DE GUARANA TAUA 2L;R$ 2,75;MERCADINHO SAO JOAO;RUA RIO TAPAJOS , 77, NRO 77, COLONIA TERRA NOVA, MANAUS-AM, CEP 69093-463
REFRIGERANTE MAGISTRAL 1,5LT;R$ 2,75;MERCADINHO BRASIL;R BARAO DE SAO DOMINGOS, NRO 061, CENTRO, MANAUS-AM, CEP 69005-010
REFRIGERANTE FANTA LARANJA LATA 350ML;R$ 2,75;ESQUINA DAS FRUTAS E VERDURAS;R LUIS OTAVIO, NRO 002, SANTA ETELVINA, A, MANAUS-AM, CEP 69059-320
REFRIGERANTE FANTA LARANJA SLEE LT 310ML;R$ 2,75;SUPER LARANJEIRAS;R BARAO DO RIO BRANCO, NRO 1164, FLORES, NAO INFORMADO, MANAUS-AM, CEP 69058-581
REFRIGERANTE FANTA LARANJA SL;R$ 2,75;MERCADINHO ADAO EVA;RUA PROFESSORA RAIMUNDA MAGALHAES, NRO 103, COROADO II, MANAUS-AM, CEP 69080-271
REFRIGERANTE MAGISTRAL GOLD 1,5LT;R$ 2,75;MERCADINHO BRASIL;R BARAO DE SAO DOMINGOS, NRO 061, CENTRO, MANAUS-AM, CEP 69005-010
REFRIGERANTE SCHIN LARANJA 2L;R$ 2,75;SUPERMERCADO JUMA 2;RUA CARIRE, NRO 42, NOVO ALEIXO, MANAUS-AM, CEP 69098-000
REFRIGERANTE MAGISTRAL 1/5;R$ 2,75;MARTA SOLANGE SIMOES DA MOTA;RUA AMERICO ALVAREZ, NRO 215, JAPIIM, MANAUS-AM, CEP 69078-560
REFRIGERANTE FLESH LARANJA 2LTS [NAO CADASTRADO];R$ 2,75;SUPER AVENIDA;AV CONDE DE SAPUCAI, NRO 625, MUNDO NOVO, MANAUS-AM, CEP 69098-000
REFRIGERANTE MASGIST;R$ 2,75;PANIFICADORA BARCELONA;RUA PROF. RAYMUNDA MAGALHAES, NRO 105, COROADO II, MANAUS-AM, CEP 69070-280
REFRIGERANTE GURY LARANJA 1,5LT;R$ 2,75;MERCADINHO BRASIL;R BARAO DE SAO DOMINGOS, NRO 061, CENTRO, MANAUS-AM, CEP 69005-010
REFRIGERANTE BARE 1;R$ 2,79;J.R.N.S COMERCIO DE PRODUTOS ALIMENTICIOS LTDA;AVE NHAMUNDA, NRO 1441, PRACA 14, MANAUS-AM, CEP 69020-190
REFRIGERANTE PLANET COLA 2L;R$ 2,79;BIG AMIGAO F4;RUA FRANCISCA MENDES, NRO 2360, CIDADE DE DEUS, NAO INFORMADO, MANAUS-AM, CEP 69099-345
REFRIGERANTE COCA COLA LATA 350ML;R$ 2,79;SUPERMERCADO NORDESTE;AV TORQUATO TAPAJOS, NRO 10949, TARUMA, NAO INFORMADO, MANAUS-AM, CEP 69041-025
REFRIGERANTE BARE PET  1L UND;R$ 2,80;VAREJAO VIEIRALVES;AV JOAO VALERIO, NRO 664, NOSSA SENHORA DAS GRACAS, MANAUS-AM, CEP 69053-140
COPO MARATA CM 180 ML P/ REFRIGERANTE 1778;R$ 2,85;MERCADINHO SANTOS;R PAULO LOPES, NRO 090, COROADO - II, MANAUS-AM, CEP 69080-340
REFRIGERANTE REAL CL;R$ 2,88;LUIZ CARLOS DORNELES QUEIROZ-M;AV OSCAR BOREL, NRO 052, COMPENSA II, MANAUS-AM, CEP 69035-210
REFRIGERANTE GURY 1,5L LARANJA;R$ 2,89;CASA DE CARNE OTAVIO;RUA SAO EUSEBIO, NRO 219, TERRA NOVA, MANAUS-AM, CEP 69093-820
REFRIGERANTE FLESH LARANJA 2LT;R$ 2,89;SUPERMERCADO NORDESTE;AV TORQUATO TAPAJOS, NRO 10949, TARUMA, NAO INFORMADO, MANAUS-AM, CEP 69041-025
REFRIGERANTE BARE PET 1LT;R$ 2,89;SUPERMERCADO NORDESTE;AV TORQUATO TAPAJOS, NRO 10949, TARUMA, NAO INFORMADO, MANAUS-AM, CEP 69041-025
REFRIGERANTE BIZ COLA 2LTS;R$ 2,90;MERCADINHO PEREIRA;RUA ITAETE, NRO 138, AMAZONINO MENDES, MANAUS-AM, CEP 69099-230
REFRIGERANTE COCA COLA   350ML;R$ 2,90;VAREJAO VIEIRALVES;AV JOAO VALERIO, NRO 664, NOSSA SENHORA DAS GRACAS, MANAUS-AM, CEP 69053-140
REFRIGERANTE ORANGE 2L;R$ 2,91;DISTRIBUIDORA OMAR 1;TRAVESSA DAS SALVIAS, NRO 006, JORGE TEXEIRA, NAO INFORMADO, MANAUS-AM, CEP 69088-550
REFRIGERANTE MAGISTR;R$ 2,95;COM DE LATI E FRIOS SAO JORGE LTDA;RUA PAULO EDUARDO DE LIMA, NRO 1105, CIDADE NOVA, MANAUS-AM, CEP 69095-670
REFRIGENRANTE REAL C;R$ 2,95;COM DE LATI E FRIOS SAO JORGE LTDA;RUA PAULO EDUARDO DE LIMA, NRO 1105, CIDADE NOVA, MANAUS-AM, CEP 69095-670
REFRIGENRANTE ORANGE;R$ 2,95;COM DE LATI E FRIOS SAO JORGE LTDA;RUA PAULO EDUARDO DE LIMA, NRO 1105, CIDADE NOVA, MANAUS-AM, CEP 69095-670
REFRIGERANTE ANTARCT;R$ 2,98;J.R.N.S COMERCIO DE PRODUTOS ALIMENTICIOS LTDA;AVE NHAMUNDA, NRO 1441, PRACA 14, MANAUS-AM, CEP 69020-190
REFRIGERANTE COCA COLA PET 600ML;R$ 2,99;SUPERMERCADO NORDESTE;AV TORQUATO TAPAJOS, NRO 10949, TARUMA, NAO INFORMADO, MANAUS-AM, CEP 69041-025
REFRIGERANTE REGENTE;R$ 2,99;MERCADINHO VERONA;AV OSCAR BOREL, NRO 233, COMPENSA, MANAUS-AM, CEP 69035-210
REFRIGERANTE SUKITA;R$ 2,99;COMERCIAL SAO MARCOS LTDA ME;R TABIRA, NRO 728, ALVORADA, MANAUS-AM, CEP 69046-380
REFRIGERANTE FANTA U;R$ 2,99;CASA DE CARNE;AV. COSME FERREIRA, NRO 6110, ZUMBI DOS PALMARES, MANAUS-AM, CEP 69084-425
REFRIGERANTE GUARANA ANTARTICA PET ORIGINAL;R$ 2,99;VAREJAO VIEIRALVES;AV JOAO VALERIO, NRO 664, NOSSA SENHORA DAS GRACAS, MANAUS-AM, CEP 69053-140
REFRIGERANTE COCA COLA ZERO 600ML;R$ 2,99;SUPERMERCADO NORDESTE;AV TORQUATO TAPAJOS, NRO 10949, TARUMA, NAO INFORMADO, MANAUS-AM, CEP 69041-025
REFRIGERANTE - TAUA AMAZONIA 2L;R$ 2,99;MERCADINHO JOAO DOURADO;RUA JOAO DOURADO, NRO 036, NOVO ALEIXO, QD F31 LT36, MANAUS-AM, CEP 69098-198
REFRIGERANTE REAL GOLD 2L;R$ 2,99;ESQUINA DAS FRUTAS E VERDURAS;R LUIS OTAVIO, NRO 002, SANTA ETELVINA, A, MANAUS-AM, CEP 69059-320
REFRIGERANTE REAL CL;R$ 2,99;J.R.N.S COMERCIO DE PRODUTOS ALIMENTICIOS LTDA;AVE NHAMUNDA, NRO 1441, PRACA 14, MANAUS-AM, CEP 69020-190
REFRIGERANTE - BIZZ COLA 2 LT;R$ 2,99;MERCADINHO JOAO DOURADO;RUA JOAO DOURADO, NRO 036, NOVO ALEIXO, QD F31 LT36, MANAUS-AM, CEP 69098-198
REFRIGERANTE REAL GO;R$ 2,99;J.R.N.S COMERCIO DE PRODUTOS ALIMENTICIOS LTDA;AVE NHAMUNDA, NRO 1441, PRACA 14, MANAUS-AM, CEP 69020-190
REFRIGERANTE SCHIN LARANJA 2L;R$ 2,99;ESQUINA DAS FRUTAS E VERDURAS;R LUIS OTAVIO, NRO 002, SANTA ETELVINA, A, MANAUS-AM, CEP 69059-320
REFRIGERANTE ORANGE;R$ 2,99;J C DA S COSTA COMERCIO;RUA 11, NRO 035, SAO JOSE 1, MANAUS-AM, CEP 69086-120
REFRIGERANTE REAL CLASSICO 2L;R$ 2,99;ESQUINA DAS FRUTAS E VERDURAS;R LUIS OTAVIO, NRO 002, SANTA ETELVINA, A, MANAUS-AM, CEP 69059-320
REFRIGERANTE COCA CO;R$ 2,99;CASA DE CARNE;AV. COSME FERREIRA, NRO 6110, ZUMBI DOS PALMARES, MANAUS-AM, CEP 69084-425
REFRIGERANTE SCHIN GUARANA 2L;R$ 2,99;CALIFORNIA;RUA EZEQUIEL, 81, NRO 81, NOVO ISRAEL, MANAUS-AM, CEP 69039-090
REFRIGERANTE LATA 1;R$ 3,00;SABOR DA HORA LANCHE;AV CONSTANTINO NERY, NRO 3000, CHAPADA, MANAUS-AM, CEP 69050-000
REFRIGERANTE GF KS 290ML;R$ 3,00;COMERCIO;AV. COSTA E SILVA, NRO 1147, RAIZ, MANAUS-AM, CEP 69068-010
REFRIGERANTE COCA COLA ZERO LA;R$ 3,00;DINAMICA;AVENIDA DARCY VARGAS  95, NRO 95, CHAPADA, MANAUS-AM, CEP 69050-020
REFRIGERANTE FANTA U;R$ 3,00;LUIZ CARLOS DORNELES QUEIROZ-M;AV OSCAR BOREL, NRO 052, COMPENSA II, MANAUS-AM, CEP 69035-210
REFRIGERANTE GUARANA REGENTE 600ML;R$ 3,00;POSTO NAUTILUS;MARGEM ESQUERDA DO RIO TARUMA, PONTA NEGRA, MANAUS-AM, CEP 69037-010
REFRIGERANTE - COCA COLA LATA 310ML;R$ 3,00;MERCADINHO JOAO DOURADO;RUA JOAO DOURADO, NRO 036, NOVO ALEIXO, QD F31 LT36, MANAUS-AM, CEP 69098-198
REFRIGERANTE 2LTS;R$ 3,00;PANIFICADORA PAO E VIDA;AV DOM PEDRO I, NRO 10, DOM PEDRO I, MANAUS-AM, CEP 69043-010
FANTA,REFRIGERANTE DE FRUTA SABOR UVA,310ML;R$ 3,00;MERCADINHO UNIAO;AV DUQUE DE CAXIAS, NRO 1246, PRACA 14 DE JANEIRO, MANAUS-AM, CEP 69020-141
REFRIGERANTE COCA COLA LATA SL;R$ 3,00;DINAMICA;AVENIDA DARCY VARGAS  95, NRO 95, CHAPADA, MANAUS-AM, CEP 69050-020
REFRIGERANTE BARE LT 350ML;R$ 3,00;POSTO NAUTILUS;MARGEM ESQUERDA DO RIO TARUMA, PONTA NEGRA, MANAUS-AM, CEP 69037-010
REFRIGERANTE FLESH LARANJA 2L;R$ 3,00;MERCADINHO RIO JORDAO;AV 7 DE MAIO, NRO 1337, SANTA ETELVINA, MANAUS-AM, CEP 69059-423
REFRIGERANTE DE GUARANA MAGISTRAL GOLD PET 1 5 L FABRICA MAGISTRAL;R$ 3,00;PADARIA LISBOA;RUA VOLUNTARIOS DA PATRIA, NRO 432, VILA DA PRATA, MANAUS-AM, CEP 69030-520
REFRIGERANTE DE GUARANA REGENTE ZERO 1 5 L FABRICA MAGISTRAL;R$ 3,00;PADARIA LISBOA;RUA VOLUNTARIOS DA PATRIA, NRO 432, VILA DA PRATA, MANAUS-AM, CEP 69030-520
REFRIGERANTE;R$ 3,00;POUSADA JARDIM DO EDEN;R VISCONDE DE UTINGA, NRO 456, FLORES, LOT.PQ.DAS LARANJEIRA, MANAUS-AM, CEP 69058-810
REFRIGERANTE BARE PET 1 LITRO;R$ 3,00;MERCADINHO 3 CORACOES;RUA VEIGA MIRANDA, NRO 590, SANTO ANTONIO, MANAUS-AM, CEP 69029-340
REFRIGERANTE FANTA UVA 310;R$ 3,00;POSTO NAUTILUS;MARGEM ESQUERDA DO RIO TARUMA, PONTA NEGRA, MANAUS-AM, CEP 69037-010
COCA COLA,REFRIGERANTE DE COLA SABOR ORIGINAL,310ML;R$ 3,00;MERCADINHO UNIAO;AV DUQUE DE CAXIAS, NRO 1246, PRACA 14 DE JANEIRO, MANAUS-AM, CEP 69020-141
REFRIGERANTE BARE 1 LITRO;R$ 3,00;CASA DA CARNE;AV PEDRO TEIXEIRA, NRO 1726, DOM PEDRO I, MANAUS-AM, CEP 69040-000
REFRIGERANTE 250 PET;R$ 3,00;KERO CAFE;AV MARGARITA, NRO 1359, NOVA CIDADE, MANAUS-AM, CEP 69097-305
REFRIGERANTE FANTA LARANJA SPLASH 500ML;R$ 3,00;DISTRIBUIDORA JB;RUA 21 DE AGOSTO, NRO 23, ALVORADA 2, MANAUS-AM, CEP 69045-000
REFRIGERANTE 250 ML;R$ 3,00;Grelhados Restaurante;RUA HENRIQUE MARTINS, NRO 414, CENTRO, MANAUS-AM, CEP 69010-010
REFRIGERANTE FANTA LARANJA LAT;R$ 3,00;DINAMICA;AVENIDA DARCY VARGAS  95, NRO 95, CHAPADA, MANAUS-AM, CEP 69050-020
REFRIGERANTE PEPSI E GUARANA ANT RETORNAVEL PROMOCIONAL;R$ 3,00;MERCADINHO POPULAR;AVE RIO MADEIRA, NRO 440, N S DAS GRACAS, MANAUS-AM, CEP 69053-030
REFRIGERANTE TUCHAUA;R$ 3,00;GLORINETE DE JESUS PINEIRO - M;R CARAPIA, NRO 001, GILBERTO MESTRINHO, MANAUS-AM, CEP 69086-556
REFRIGERANTE SPRITE 600ML;R$ 3,05;EXPRESSO TARUMA;R J. LEITE, NRO 292, TARUMA, MANAUS-AM, CEP 69022-160
REFRIGERANTE FANTA GUARANA 500ML;R$ 3,05;EXPRESSO TARUMA;R J. LEITE, NRO 292, TARUMA, MANAUS-AM, CEP 69022-160
REFRIGERANTE BIZZ COLA 2LT;R$ 3,09;SUPERMERCADO NORDESTE;AV TORQUATO TAPAJOS, NRO 10949, TARUMA, NAO INFORMADO, MANAUS-AM, CEP 69041-025
REFRIGERANTE FANTA UVA 500ML;R$ 3,15;EXPRESSO TARUMA;R J. LEITE, NRO 292, TARUMA, MANAUS-AM, CEP 69022-160
REFRIGERANTE FANTA LARANJA 500ML;R$ 3,15;EXPRESSO TARUMA;R J. LEITE, NRO 292, TARUMA, MANAUS-AM, CEP 69022-160
REFRIGERANTE ANTARCTICA PET 1LT;R$ 3,19;SUPERMERCADO NORDESTE;AV TORQUATO TAPAJOS, NRO 10949, TARUMA, NAO INFORMADO, MANAUS-AM, CEP 69041-025
REFRIGERANTE ORANGE;R$ 3,19;L V BARJA QUEIROZ;RUA IRITAMA, NRO 002, CIDADE NOVA, MANAUS-AM, CEP 69097-760
REFRIGERANTE GUARANA BARE 1L;R$ 3,19;EXPRESSO TARUMA;R J. LEITE, NRO 292, TARUMA, MANAUS-AM, CEP 69022-160
REFRIGERANTE COCA COLA 600ML;R$ 3,19;EXPRESSO TARUMA;R J. LEITE, NRO 292, TARUMA, MANAUS-AM, CEP 69022-160
REFRIGERANTE - MAGISTRAL GOLD 2L;R$ 3,20;MERCADINHO JOAO DOURADO;RUA JOAO DOURADO, NRO 036, NOVO ALEIXO, QD F31 LT36, MANAUS-AM, CEP 69098-198
REFRIGERANTE - REAL GOLD 2 LT;R$ 3,20;MERCADINHO JOAO DOURADO;RUA JOAO DOURADO, NRO 036, NOVO ALEIXO, QD F31 LT36, MANAUS-AM, CEP 69098-198
REFRIGERANTE MAGISTR;R$ 3,25;GLORINETE DE JESUS PINEIRO - M;R CARAPIA, NRO 001, GILBERTO MESTRINHO, MANAUS-AM, CEP 69086-556
REFRIGERANTE FLESH UVA 2L;R$ 3,25;MERCADINHO SAO FRANCISCO;TRV DOS FRANCESES, NRO 012, ALVORADA I, MANAUS-AM, CEP 69043-320
REFRIGERANTE BARE 1LT;R$ 3,25;BOX SMS;RUA SANTA CLAUDIA, NRO 13, SAO JOSE OPERARIO, MANAUS-AM, CEP 69090-090
REFRIGERANTE LT 350ML COCA COL;R$ 3,25;CASA DE CARNE OTAVIO;RUA SAO EUSEBIO, NRO 219, TERRA NOVA, MANAUS-AM, CEP 69093-820
REFRIGERANTE  ORANGE 2L;R$ 3,25;MERCADINHO LD;RUA GILBERTO MESTRINHO, NRO 17, COMPENSA III, MANAUS-AM, CEP 69010-450
REFRIGERANTE ICE COL;R$ 3,25;GLORINETE DE JESUS PINEIRO - M;R CARAPIA, NRO 001, GILBERTO MESTRINHO, MANAUS-AM, CEP 69086-556
REFRIGERANTE BARE 1L AMBEV S A;R$ 3,27;PADARIA LISBOA;RUA VOLUNTARIOS DA PATRIA, NRO 432, VILA DA PRATA, MANAUS-AM, CEP 69030-520
REFRIGERANTE GUARANA ANTARCTICA 1L;R$ 3,30;EXPRESSO TARUMA;R J. LEITE, NRO 292, TARUMA, MANAUS-AM, CEP 69022-160
REFRIGERANTE ORANGE 2LT;R$ 3,39;SUPERMERCADO NORDESTE;AV TORQUATO TAPAJOS, NRO 10949, TARUMA, NAO INFORMADO, MANAUS-AM, CEP 69041-025
REFRIGERANTE ORANGE;R$ 3,39;MERCADINHO RIO NEGRO;AV. BATRUM, NRO 076, TANCREDO NEVES, MANAUS-AM, CEP 69087-641
REFRIGERANTE MAGISTRAL  TRADICIONAL 2LT UND;R$ 3,40;VAREJAO VIEIRALVES;AV JOAO VALERIO, NRO 664, NOSSA SENHORA DAS GRACAS, MANAUS-AM, CEP 69053-140
REFRIGERANTE GURY LIMAO 2L;R$ 3,40;SUPERMECADO CEZAR CIA LTDA;RUA 7B, NRO 001, SAO JOSE OPER., MANAUS-AM, CEP 69086-083
REFRIGERANTE MAGISTRAL REGENTE  2LT UND;R$ 3,40;VAREJAO VIEIRALVES;AV JOAO VALERIO, NRO 664, NOSSA SENHORA DAS GRACAS, MANAUS-AM, CEP 69053-140
REFRIGERANTE MAGISTRAL GOLD 2LT;R$ 3,49;SUPERMERCADO NORDESTE;AV TORQUATO TAPAJOS, NRO 10949, TARUMA, NAO INFORMADO, MANAUS-AM, CEP 69041-025
REFRIGERANTE BIZZ/COLA/2LT;R$ 3,49;MERCADINHO E ACOUGUE SAO JOSE;RUA JANAUACA, NRO 77, SAO JOSE OPERARIO, MANAUS-AM, CEP 69085-240
REFRIGERANTE BARE 1L;R$ 3,49;PANIFICADORA BARCELONA;RUA PROF. RAYMUNDA MAGALHAES, NRO 105, COROADO II, MANAUS-AM, CEP 69070-280
REFRIGERANTE GURY COLA 2LT;R$ 3,49;SUPERMERCADO NORDESTE;AV TORQUATO TAPAJOS, NRO 10949, TARUMA, NAO INFORMADO, MANAUS-AM, CEP 69041-025
GUARANA ANTARCTICA,ORIGINAL REFRIGERANTE DE GUARANA,1L;R$ 3,50;MERCADINHO UNIAO;AV DUQUE DE CAXIAS, NRO 1246, PRACA 14 DE JANEIRO, MANAUS-AM, CEP 69020-141
REFRIGERANTE TUCHAUA CHAMP 2L;R$ 3,50;MERCADINHO ADAO EVA;RUA PROFESSORA RAIMUNDA MAGALHAES, NRO 103, COROADO II, MANAUS-AM, CEP 69080-271
REFRIGERANTE MAGISTRAL COMUM 2LTS;R$ 3,50;MERCADINHO AMAZONAS;RUA ITARARE, NRO 011, NOVO ALEIXO, MANAUS-AM, CEP 69099-755
REFRIGERANTE MAGISTRAL GOLD 2L;R$ 3,50;MERCADINHO ADAO EVA;RUA PROFESSORA RAIMUNDA MAGALHAES, NRO 103, COROADO II, MANAUS-AM, CEP 69080-271
REFRIGERANTE FANTA LARANJA 500ML;R$ 3,50;ESQUINA DAS FRUTAS E VERDURAS;R LUIS OTAVIO, NRO 002, SANTA ETELVINA, A, MANAUS-AM, CEP 69059-320
COCA COLA,REFRIGERANTE DE COLA SABOR ORIGINAL,600ML;R$ 3,50;MERCADINHO UNIAO;AV DUQUE DE CAXIAS, NRO 1246, PRACA 14 DE JANEIRO, MANAUS-AM, CEP 69020-141
REFRIGERANTE FANTA LARANJA 350ML;R$ 3,50;LOJAS AMPM;VALERIO BOTELHO DE ANDRADE, NRO 284, SAO FRANCISCO, LOJA 02, MANAUS-AM, CEP 69079-260
REFRIGERANTE GURY-COLA 2L;R$ 3,50;MERCADINHO ESTRELA;RUA ESTRELA 104, 104, NRO 104, NOVO ISRAEL, MANAUS-AM, CEP 69039-733
REFRIGERANTE FANTA UVA 310ML;R$ 3,50;AUTO POSTO ARENA;LORIS CORDOVIL, NRO 907, ALVORADA, MANAUS-AM, CEP 69043-010
REFRIGERANTE LATA 2;R$ 3,50;RESTAURANTE CHINES;R HENRIQUE MARTINS, NRO 470, CENTRO, MANAUS-AM, CEP 69010-010
REFRIGERANTE PEPSI COLA 350ML;R$ 3,50;AUTO POSTO ARENA;LORIS CORDOVIL, NRO 907, ALVORADA, MANAUS-AM, CEP 69043-010
REFRIGERANTE LATA;R$ 3,50;MANAUS REST.CML-MAKRO 36;AV DJALMA BATISTA, 1661, NRO 000, CHAPADA, MANAUS-AM, CEP 69050-010
REFRIGERANTE REAL CLASSICO 2L;R$ 3,50;MERCADINHO RIO JORDAO;AV 7 DE MAIO, NRO 1337, SANTA ETELVINA, MANAUS-AM, CEP 69059-423
REFRIGERANTE REAL CLASSICO 2L;R$ 3,50;A. C. SILVA MERCEARIA-ME;B-35, CONJUNTO AJURICABA, NRO 859, PLANALTO, MANAUS-AM, CEP 69038-270
REFRIGERANTE COCA COLA   600ML UND;R$ 3,50;VAREJAO VIEIRALVES;AV JOAO VALERIO, NRO 664, NOSSA SENHORA DAS GRACAS, MANAUS-AM, CEP 69053-140
REFRIGERANTE COCA COLA 600ML;R$ 3,50;MERCADINHO ADAO EVA;RUA PROFESSORA RAIMUNDA MAGALHAES, NRO 103, COROADO II, MANAUS-AM, CEP 69080-271
REFRIGERANTE GURY LARANJA 2L;R$ 3,50;MERCADINHO AMAZONAS;RUA ITARARE, NRO 011, NOVO ALEIXO, MANAUS-AM, CEP 69099-755
REFRIGERANTE COCA COLA 600ML;R$ 3,50;MARTA SOLANGE SIMOES DA MOTA;RUA AMERICO ALVAREZ, NRO 215, JAPIIM, MANAUS-AM, CEP 69078-560
REFRIGERANTE FANTA LARANJA 310ML;R$ 3,50;AUTO POSTO ARENA;LORIS CORDOVIL, NRO 907, ALVORADA, MANAUS-AM, CEP 69043-010
REFRIGERANTE MAGISTRAL 2L;R$ 3,50;MERCADINHO ADAO EVA;RUA PROFESSORA RAIMUNDA MAGALHAES, NRO 103, COROADO II, MANAUS-AM, CEP 69080-271
REFRIGERANTE MAGISTRAL REGENTE PET 2 LT;R$ 3,50;MERCADINHO SALVADOR;R JOAO PAULO I, NRO 336, ALVORADA, MANAUS-AM, CEP 69042-210
REFRIGERANTE GUARANA ARTARCTICA 1L 137;R$ 3,50;COMERCIAL EDGAR LTDA;AV SAO PEDRO, NRO 206, COMPENSA, MANAUS-AM, CEP 69035-210
REFRIGERANTE PLANET COLA 2L;R$ 3,50;MERCADINHO RIO JORDAO;AV 7 DE MAIO, NRO 1337, SANTA ETELVINA, MANAUS-AM, CEP 69059-423
REFRIGERANTE REGENTE 2L;R$ 3,50;MERCADINHO RIO JORDAO;AV 7 DE MAIO, NRO 1337, SANTA ETELVINA, MANAUS-AM, CEP 69059-423
REFRIGERANTE COCA COLA 350ML 16;R$ 3,50;CHACARA RESTAURANTE;AVENIDA AUTAZ MIRIM, NRO 8612, SAO JOSE OPERARIO, MANAUS-AM, CEP 69085-000
REFRIGERANTE COCA COLA 1L VIDRO;R$ 3,50;ESQUINA DAS FRUTAS E VERDURAS;R LUIS OTAVIO, NRO 002, SANTA ETELVINA, A, MANAUS-AM, CEP 69059-320
REFRIGERANTE GUARANA ANTARCTICA PET 1L;R$ 3,50;MERCADINHO 3 CORACOES;RUA VEIGA MIRANDA, NRO 590, SANTO ANTONIO, MANAUS-AM, CEP 69029-340
REFRIGERANTE - COCA COLA SEM ACUCAR 600ML;R$ 3,50;MERCADINHO JOAO DOURADO;RUA JOAO DOURADO, NRO 036, NOVO ALEIXO, QD F31 LT36, MANAUS-AM, CEP 69098-198
REFRIGERANTE ANTARCTICA SODA  350ML;R$ 3,50;LOJAS AMPM;VALERIO BOTELHO DE ANDRADE, NRO 284, SAO FRANCISCO, LOJA 02, MANAUS-AM, CEP 69079-260
REFRIGERANTE FANTA LARANJA 310ML;R$ 3,50;LOJAS AMPM;VALERIO BOTELHO DE ANDRADE, NRO 284, SAO FRANCISCO, LOJA 02, MANAUS-AM, CEP 69079-260
REFRIGERANTE LATA;R$ 3,50;ECOS BAR;RUA COMERCIAL, NRO 16, PARQUE 10, MANAUS-AM, CEP 69054-390
REFRIGERANTE BARE GUARANA 350ML;R$ 3,50;LOJAS AMPM;VALERIO BOTELHO DE ANDRADE, NRO 284, SAO FRANCISCO, LOJA 02, MANAUS-AM, CEP 69079-260
REFRIGERANTE GURY LIMAO 2L;R$ 3,50;MERCADINHO AMAZONAS;RUA ITARARE, NRO 011, NOVO ALEIXO, MANAUS-AM, CEP 69099-755
REFRIGERANTE ANTARCTICA  GUARANA 350ML;R$ 3,50;AUTO POSTO ARENA;LORIS CORDOVIL, NRO 907, ALVORADA, MANAUS-AM, CEP 69043-010
REFRIGERANTE FANTA UVA 500ML;R$ 3,50;ESQUINA DAS FRUTAS E VERDURAS;R LUIS OTAVIO, NRO 002, SANTA ETELVINA, A, MANAUS-AM, CEP 69059-320
REFRIGERANTE SCHWEPPES CITRUS 310ML;R$ 3,50;POSTO NAUTILUS;MARGEM ESQUERDA DO RIO TARUMA, PONTA NEGRA, MANAUS-AM, CEP 69037-010
REFRIGERANTE COCA213;R$ 3,50;ILHA GELADA TIMBIRAS;AV. TIMBIRAS, NRO 92, CIDADE NOVA II, LOJA C, MANAUS-AM, CEP 69094-000
REFRIGERANTE COCA CO;R$ 3,50;PANIFICADORA BARCELONA;RUA PROF. RAYMUNDA MAGALHAES, NRO 105, COROADO II, MANAUS-AM, CEP 69070-280
REFRIGERANTE COCA COLA LATA 35;R$ 3,50;TAVARES & SOBRINHO CONVENIENCIAS;AV SILVES, NRO 780, CACHOEIRINHA, ESQ BORBA, MANAUS-AM, CEP 69065-080
REFRIGERANTE GUARANA REAL CLAS;R$ 3,50;MERCADINHO ADAO EVA;RUA PROFESSORA RAIMUNDA MAGALHAES, NRO 103, COROADO II, MANAUS-AM, CEP 69080-271
REFRIGERANTE COCA COLA LATA 350ML;R$ 3,50;AUTO POSTO ARENA;LORIS CORDOVIL, NRO 907, ALVORADA, MANAUS-AM, CEP 69043-010
REFRIGERANTE COCA COLA  ZERO 600ML UND;R$ 3,50;VAREJAO VIEIRALVES;AV JOAO VALERIO, NRO 664, NOSSA SENHORA DAS GRACAS, MANAUS-AM, CEP 69053-140
REFRIGERANTE ANTARCTICA  GUARANA 350ML;R$ 3,50;LOJAS AMPM;VALERIO BOTELHO DE ANDRADE, NRO 284, SAO FRANCISCO, LOJA 02, MANAUS-AM, CEP 69079-260
REFRIGERANTE BARE GUARANA 350ML;R$ 3,50;AUTO POSTO ARENA;LORIS CORDOVIL, NRO 907, ALVORADA, MANAUS-AM, CEP 69043-010
REFREGERANTE DE GUARANA CHAMP TUCHAUA 2L;R$ 3,50;COMERCIAL DA NEGUINHA;RUA MARQUESA DE SANTOS, NRO 453, JORGE TEIXEIRA, MANAUS-AM, CEP 69080-000
REFRIGERANTE GURY LARANJA 2LT;R$ 3,50;MERCADINHO ESTRELA;RUA ESTRELA 104, 104, NRO 104, NOVO ISRAEL, MANAUS-AM, CEP 69039-733
REFRIGERANTE COCA COLA LATA 350ML;R$ 3,50;LOJAS AMPM;VALERIO BOTELHO DE ANDRADE, NRO 284, SAO FRANCISCO, LOJA 02, MANAUS-AM, CEP 69079-260
REFRIGERANTE FANTA LARANJA 1L;R$ 3,56;BIG AMIGAO F1;RUA DOS BARES, NRO 425, CENTRO, NAO INFORMADO, MANAUS-AM, CEP 69005-020
REFRIGERANTE MAGISTRAL COLD 2L FABRICA MAGISTRAL;R$ 3,60;PADARIA LISBOA;RUA VOLUNTARIOS DA PATRIA, NRO 432, VILA DA PRATA, MANAUS-AM, CEP 69030-520
REFRIGERANT MAGISTRAL GUARANA 2L FABRICA MAGISTRAL;R$ 3,60;PADARIA LISBOA;RUA VOLUNTARIOS DA PATRIA, NRO 432, VILA DA PRATA, MANAUS-AM, CEP 69030-520
REFRIGERANTE GUARANA REGENTE 2L FABRICA MAGISTRAL;R$ 3,60;PADARIA LISBOA;RUA VOLUNTARIOS DA PATRIA, NRO 432, VILA DA PRATA, MANAUS-AM, CEP 69030-520
REFRIGERANTE DE GUARANA TUCHAUA 2 L COCA COLA;R$ 3,60;PADARIA LISBOA;RUA VOLUNTARIOS DA PATRIA, NRO 432, VILA DA PRATA, MANAUS-AM, CEP 69030-520
REFRIGERANTE FANTA LARANJA 500ML UN COCA COLA;R$ 3,60;PADARIA LISBOA;RUA VOLUNTARIOS DA PATRIA, NRO 432, VILA DA PRATA, MANAUS-AM, CEP 69030-520
REFRIGERANTE COCA COLA ZERO 600ML COCA COLA;R$ 3,60;PADARIA LISBOA;RUA VOLUNTARIOS DA PATRIA, NRO 432, VILA DA PRATA, MANAUS-AM, CEP 69030-520
REFRIGERANTE COCA COLA 600ML UN COCA COLA;R$ 3,60;PADARIA LISBOA;RUA VOLUNTARIOS DA PATRIA, NRO 432, VILA DA PRATA, MANAUS-AM, CEP 69030-520
REFRIGERANTE GUARANA MAGISTRAL GOLD 2L;R$ 3,65;EXPRESSO TARUMA;R J. LEITE, NRO 292, TARUMA, MANAUS-AM, CEP 69022-160
REFRIGERANTE G. R. 2;R$ 3,65;PANIFICADORA BARCELONA;RUA PROF. RAYMUNDA MAGALHAES, NRO 105, COROADO II, MANAUS-AM, CEP 69070-280
REFRIGERANTE GUARANA MAGISTRAL 2L;R$ 3,65;EXPRESSO TARUMA;R J. LEITE, NRO 292, TARUMA, MANAUS-AM, CEP 69022-160
REFRIGERANTE MAGISTRAL PET 2 LT;R$ 3,65;MERCADINHO SALVADOR;R JOAO PAULO I, NRO 336, ALVORADA, MANAUS-AM, CEP 69042-210
REFRIGERANTE GUARANA REGENTE 2L;R$ 3,65;EXPRESSO TARUMA;R J. LEITE, NRO 292, TARUMA, MANAUS-AM, CEP 69022-160
REFRIGERANTE BARE GU;R$ 3,65;MERCADINHO VERONA;AV OSCAR BOREL, NRO 233, COMPENSA, MANAUS-AM, CEP 69035-210
REFRIGERANTE MAGISTR;R$ 3,65;PANIFICADORA BARCELONA;RUA PROF. RAYMUNDA MAGALHAES, NRO 105, COROADO II, MANAUS-AM, CEP 69070-280
REFRIGERANTE TUCHAUA CHAMP 2L;R$ 3,69;QUEIROZ COMERCIAL;RUA RIO CABORIS, NRO 35, CIDADE NOVA, MANAUS-AM, CEP 69098-272
REFRIGERANTE 2L MAGISTRAL GOLD;R$ 3,69;CASA DE CARNE OTAVIO;RUA SAO EUSEBIO, NRO 219, TERRA NOVA, MANAUS-AM, CEP 69093-820
REFRIGERANTE GURY LIMAO 2LT;R$ 3,69;CASA DE CARNE OTAVIO;RUA SAO EUSEBIO, NRO 219, TERRA NOVA, MANAUS-AM, CEP 69093-820
REFRIGERANTE GURY COLA 2L;R$ 3,69;CASA DE CARNE OTAVIO;RUA SAO EUSEBIO, NRO 219, TERRA NOVA, MANAUS-AM, CEP 69093-820
REFRIGERANTE MAGISTRAL 2L COMU;R$ 3,69;CASA DE CARNE OTAVIO;RUA SAO EUSEBIO, NRO 219, TERRA NOVA, MANAUS-AM, CEP 69093-820
REFRIGERANTE KUAT GUARANA 2LT;R$ 3,69;SUPERMERCADO NORDESTE;AV TORQUATO TAPAJOS, NRO 10949, TARUMA, NAO INFORMADO, MANAUS-AM, CEP 69041-025
REFRIGERANTE MAGISTRAL GOLD 2L;R$ 3,70;MERCADINHO JAPONES;RUA MANOEL MARQUES DE SOUZA, NRO 242, PARQUE DEZ, MANAUS-AM, CEP 69055-240
REFRIGERANTE REGENTE 2L;R$ 3,70;MERCADINHO JAPONES;RUA MANOEL MARQUES DE SOUZA, NRO 242, PARQUE DEZ, MANAUS-AM, CEP 69055-240
REFRIGERANTE MAGISTRAL 2L;R$ 3,70;MERCADINHO JAPONES;RUA MANOEL MARQUES DE SOUZA, NRO 242, PARQUE DEZ, MANAUS-AM, CEP 69055-240
REFRIGERANTE 2L REAL;R$ 3,75;COMERCIAL SAO MARCOS LTDA ME;R TABIRA, NRO 728, ALVORADA, MANAUS-AM, CEP 69046-380
REFRIGERANTE FANTA LARANJA PET 500ML;R$ 3,75;MERCADINHO 3 CORACOES;RUA VEIGA MIRANDA, NRO 590, SANTO ANTONIO, MANAUS-AM, CEP 69029-340
REFRIGERANTE MAGISTRAL GURY COLA PET 2 LT;R$ 3,75;MERCADINHO SALVADOR;R JOAO PAULO I, NRO 336, ALVORADA, MANAUS-AM, CEP 69042-210
REFRIGERANTE DE COLA 600ML;R$ 3,75;PADOCA PAES E CONVENIENCIA;RUA COMENDADOR VICENTE CRUZ, NRO 439, SANTO ANTONIO, MANAUS-AM, CEP 69029-075
REFRIGERANTE FANTA LARANJA 600ML;R$ 3,75;MERCADINHO DIULIANE;RUA PARAGUACU, NRO 026, VALE DO AMANHECER - PETROPOLIS, MANAUS-AM, CEP 69067-629
REFRIGERANTE COCA COLA PET 600ML;R$ 3,75;MERCADINHO 3 CORACOES;RUA VEIGA MIRANDA, NRO 590, SANTO ANTONIO, MANAUS-AM, CEP 69029-340
REFRIGERANTE GURY COLA PET 2 LITROS;R$ 3,75;MERCADINHO 3 CORACOES;RUA VEIGA MIRANDA, NRO 590, SANTO ANTONIO, MANAUS-AM, CEP 69029-340
REFRIGERANTE MAGISTRAL GOLD 2 LITROS;R$ 3,75;MERCADINHO 3 CORACOES;RUA VEIGA MIRANDA, NRO 590, SANTO ANTONIO, MANAUS-AM, CEP 69029-340
CF REFRIGERANTE 350M;R$ 3,80;Loja 122 - Manaus;AV AUTAZ MIRIM, NRO 8755, NOVO ALEIXO, MANAUS-AM, CEP 69099-045
REFRIGERANTE;R$ 3,80;CANTO DA PEIXADA;RUA EMILIO MOREIRA, NRO 1677, PRACA 14 DE JANEIRO, SEM COMPLEMENTO, MANAUS-AM, CEP 69020-040
REFRIGERANTE MAGISTRAL GOLD 2L;R$ 3,85;BOX SMS;RUA SANTA CLAUDIA, NRO 13, SAO JOSE OPERARIO, MANAUS-AM, CEP 69090-090
REFRIGERANTE KIT FESTA;R$ 3,90;PADARIA LISBOA;RUA VOLUNTARIOS DA PATRIA, NRO 432, VILA DA PRATA, MANAUS-AM, CEP 69030-520
REFRIGERANTE KIT FESTA UND;R$ 3,90;PADARIA LISBOA;RUA VOLUNTARIOS DA PATRIA, NRO 432, VILA DA PRATA, MANAUS-AM, CEP 69030-520
REFRIGERANTE BARE 2L;R$ 3,95;CAMPEAO SUPERMERCADOS LTDA;RUA JOAO PAULO I, NRO 001, ALVORADA, MANAUS-AM, CEP 69043-000
REFRIGERANTE MAGIST;R$ 3,98;MERCADINHO ITALIA;RUA E 14, NRO 262, ALVORADA, MANAUS-AM, CEP 69042-000
REFRIGERANTE GURY CO;R$ 3,98;MERCADINHO ITALIA;RUA E 14, NRO 262, ALVORADA, MANAUS-AM, CEP 69042-000
REFRIGERANTE G ANTARCTICA RETO;R$ 3,99;MERCADINHO ADAO EVA;RUA PROFESSORA RAIMUNDA MAGALHAES, NRO 103, COROADO II, MANAUS-AM, CEP 69080-271
REFRIGERANTE GUARANA KUAT 2L;R$ 3,99;EXPRESSO TARUMA;R J. LEITE, NRO 292, TARUMA, MANAUS-AM, CEP 69022-160
REFRIGERANTE BARE PET 2L;R$ 3,99;MERCADINHO E ACOUGUE PAULÞO;RUA ASA BRANCA, NRO 21, TARUMA, MANAUS-AM, CEP 69041-180
REFRIGERANTE BARE 2LT;R$ 3,99;ESQUINA DAS FRUTAS E VERDURAS;R LUIS OTAVIO, NRO 002, SANTA ETELVINA, A, MANAUS-AM, CEP 69059-320
REFRIGERANTE GUARANA;R$ 3,99;CASA DE CARNE;AV. COSME FERREIRA, NRO 6110, ZUMBI DOS PALMARES, MANAUS-AM, CEP 69084-425
REFRIGERANTE FANTA   1L UND;R$ 3,99;VAREJAO VIEIRALVES;AV JOAO VALERIO, NRO 664, NOSSA SENHORA DAS GRACAS, MANAUS-AM, CEP 69053-140
REFRIGERANTE BARE  GUARANA 2LT UND;R$ 3,99;VAREJAO VIEIRALVES;AV JOAO VALERIO, NRO 664, NOSSA SENHORA DAS GRACAS, MANAUS-AM, CEP 69053-140
REFRIGERANTE COCA COLA   1L UND;R$ 3,99;VAREJAO VIEIRALVES;AV JOAO VALERIO, NRO 664, NOSSA SENHORA DAS GRACAS, MANAUS-AM, CEP 69053-140
REFRIGERANTE - BARE 2L;R$ 3,99;MERCADINHO JOAO DOURADO;RUA JOAO DOURADO, NRO 036, NOVO ALEIXO, QD F31 LT36, MANAUS-AM, CEP 69098-198
REFRIGERANTE GRAPETTE UVA 2LT;R$ 3,99;SUPERMERCADO NORDESTE;AV TORQUATO TAPAJOS, NRO 10949, TARUMA, NAO INFORMADO, MANAUS-AM, CEP 69041-025
REFRIGERANTE LATA;R$ 4,00;CANTO DA PEIXADA;RUA EMILIO MOREIRA, NRO 1677, PRACA 14 DE JANEIRO, SEM COMPLEMENTO, MANAUS-AM, CEP 69020-040
REFRIGERANTE ORANGE 2L 207;R$ 4,00;FRIGORIFICO MANAUS 1;R OURO PRETO, NRO 394, COROADO, MANAUS-AM, CEP 69080-430
REFRIGERANTE LATA;R$ 4,00;DUBAI RESTAURANTE;AV. RIO JUTAI, NRO 486, NOSSA SENHORA DAS GRACAS, MANAUS-AM, CEP 69053-020
REFRIGERANTE SCHWEPPES CITRUS 310ML;R$ 4,00;AUTO POSTO ARENA;LORIS CORDOVIL, NRO 907, ALVORADA, MANAUS-AM, CEP 69043-010
REFRIGERANTE COCA COLA 600ML;R$ 4,00;TAVARES & SOBRINHO CONVENIENCIAS;AV SILVES, NRO 780, CACHOEIRINHA, ESQ BORBA, MANAUS-AM, CEP 69065-080
REFRIGERANTE LATA;R$ 4,00;DELLANGO FILIAL VN;AV AVE ARQUITETO JOSE HENRIQUES B. RODRIGUES, NRO 3760, 69093-149, LOJA 207-D, MANAUS-AM, CEP 69093-149
REFRIGERANTE LATA;R$ 4,00;A F B GONCALVES - ME;RUA RIO JAVARI, NRO 00036, N S DAS GRACAS, CONJUNTO JARDIM AMAZONAS, MANAUS-AM, CEP 69053-110
REFRIGERANTE LATA;R$ 4,00;FOCA LANCHONETE LTDA ME;RUA BARROSO, NRO 86, CENTRO, MANAUS-AM, CEP 69010-050
REFRIGERANTE KS;R$ 4,00;LANCHONETES, CASAS DE CHA, DE SUCOS E SIMILARES;AV COSME FERREIRA, NRO 20, COROADO I, MANAUS-AM, CEP 69083-000
REFRIGERANTE;R$ 4,00;REAL POUSADA;AV DOS OITIS, NRO 047, DISTRITO INDUSTRIAL, MANAUS-AM, CEP 69075-842
REFRIGERANTE 350 ML LATA;R$ 4,00;GUARANA & CIA;AV DJALMA BATISTA, NRO 276, CENTRO, MANAUS-AM, CEP 69050-010
REFRIGERANTE LATA;R$ 4,00;CAFE NAIZA;AV TANCREDO NEVES, NRO 2189, FLORES, SEM COMPLEMENTO, MANAUS-AM, CEP 69058-120
B REFRIGERANTE LATA;R$ 4,00;ICHIBAN;AVE TACREDO NEVES, NRO 597, PARQUE DEZ, MANAUS-AM, CEP 69042-760
REFRIGERANTE 52;R$ 4,00;SKINA DOS SUCOS;AV EDUARDO RIBEIRO, NRO 629, CENTRO, MANAUS-AM, CEP 69010-000
REFRIGERANTE;R$ 4,00;TAVOLA REDONDA;AV. ANDRE ARAUJO, 1603, NRO 1603, ALEIXO, MANAUS-AM, CEP 69060-000
REFRIGERANTE COCA-COLA ZERO 60;R$ 4,00;TAVARES & SOBRINHO CONVENIENCIAS;AV SILVES, NRO 780, CACHOEIRINHA, ESQ BORBA, MANAUS-AM, CEP 69065-080
REFRIGERANTE LATA;R$ 4,00;PEIXARIA O REMADOR;AV. TRANCREDO NEVES, NRO 33, PARQUE 10, MANAUS-AM, CEP 69054-700
REFRIGERANTE REAL GOLD 2L;R$ 4,00;O BARATINHO;AV. JORGE BIVACUA, NRO 290, JAPIIM, MANAUS-AM, CEP 69078-100
REFRIGERANTE SCHWEPPES CITRUS 310ML;R$ 4,00;LOJAS AMPM;VALERIO BOTELHO DE ANDRADE, NRO 284, SAO FRANCISCO, LOJA 02, MANAUS-AM, CEP 69079-260
REFRIGERANTE LATA 0;R$ 4,00;CAFE CABOCLINHO;AV. RIO MAR, NRO 657, NOSSA SENHORA DAS GRACAS, CASA A, MANAUS-AM, CEP 69531-180
REFRIGERANTE LATA;R$ 4,00;Kamilas Lanche e Pizzaria;RUA PROF ABILIO ALENCAR, NRO 815, ALVOARADA, MANAUS-AM, CEP 69042-210
REFRIGERANTE LATA 350ML;R$ 4,00;KERO CAFE;AV MARGARITA, NRO 1359, NOVA CIDADE, MANAUS-AM, CEP 69097-305
REFRIGERANTE -;R$ 4,00;FORMULA 2004;RUA JONATHAS PEDROSA, NRO 1594, PRACA 14 DE JANEIRO, MANAUS-AM, CEP 69020-110
REFRIGERANTE COCA218;R$ 4,00;ILHA GELADA TIMBIRAS;AV. TIMBIRAS, NRO 92, CIDADE NOVA II, LOJA C, MANAUS-AM, CEP 69094-000
REFRIGERANTE GUARANA REAL CLASSICO 2L;R$ 4,00;PANIFICADORA SABOR COM ARTE;RUA 92, NRO 21, CIDADE NOVA II, MANAUS-AM, CEP 69096-230
REFRIGERANTE LATA 21;R$ 4,00;TOP FROZEN ACAI;RUA 10 DE JULHO, NRO 509, CENTRO, MANAUS-AM, CEP 69000-000
REFRIGERANTE LATA;R$ 4,00;CAFE CABOCLINHO;AV. RIO MAR, NRO 657, NOSSA SENHORA DAS GRACAS, CASA A, MANAUS-AM, CEP 69531-180
REFRIGERANTE DE LATA;R$ 4,00;Tres em um restaurante;RUA TAPAJOS, NRO 191, CENTRO, MANAUS-AM, CEP 69010-150
REFRIGERANTE;R$ 4,00;GUSTA+ GELATERIA;AV PEDRO TEIXEIRA, NRO 1000, DOM PEDRO, MANAUS-AM, CEP 69040-000
REFRIGERANTE LATA 1053;R$ 4,00;BRASPAO;AVENIDA LEOPOLDO PERES, NRO 672, EDUCANDOS, MANAUS-AM, CEP 69070-250
REFRIGERANTE COCA COLA ZERO LT 310ML COD.105;R$ 4,00;CASA CANINA;AV. IVANETE MACHADO, 936, CJ. CASTELO BRANCO, NRO 936, PARQUE 10, MANAUS-AM, CEP 69048-660
REFRIGERANTE BARE 2LT;R$ 4,00;MINE MERCADO E ACOUGUE RODRIGUES;AVENIDA LIBERDADE, NRO 977, TERRA NOVA II, MANAUS-AM, CEP 69093-497
REFRIGERANTE FANTA LARANJA PET 1LT;R$ 4,09;SUPERMERCADO NORDESTE;AV TORQUATO TAPAJOS, NRO 10949, TARUMA, NAO INFORMADO, MANAUS-AM, CEP 69041-025
REFRIGERANTE GUARANA BARE 2L;R$ 4,09;EXPRESSO TARUMA;R J. LEITE, NRO 292, TARUMA, MANAUS-AM, CEP 69022-160
REFRIGERANTE BARE;R$ 4,19;MERCADINHO SAO JOSE;AV. LAGUNA, NRO 689, LIRIO DO VALE I, MANAUS-AM, CEP 69037-730
REFRIGERANTE ANTARCT;R$ 4,20;MERCADINHO VERONA;AV OSCAR BOREL, NRO 233, COMPENSA, MANAUS-AM, CEP 69035-210
REFRIGERANTE PEPSI C;R$ 4,20;MERCADINHO VERONA;AV OSCAR BOREL, NRO 233, COMPENSA, MANAUS-AM, CEP 69035-210
REFRIGERANTE MAGISTRAL GRAPETTE 2L;R$ 4,25;MERCADINHO SALVADOR;R JOAO PAULO I, NRO 336, ALVORADA, MANAUS-AM, CEP 69042-210
REFRIGERANTE BARE PET 2 LITROS;R$ 4,25;MERCADINHO 3 CORACOES;RUA VEIGA MIRANDA, NRO 590, SANTO ANTONIO, MANAUS-AM, CEP 69029-340
REFRIGERANTE COCA COLA LIQUIDO  2LT UND;R$ 4,25;VAREJAO VIEIRALVES;AV JOAO VALERIO, NRO 664, NOSSA SENHORA DAS GRACAS, MANAUS-AM, CEP 69053-140
REFRIGERANTE BARE GUARANA 2LT;R$ 4,29;SUPERMERCADO NORDESTE;AV TORQUATO TAPAJOS, NRO 10949, TARUMA, NAO INFORMADO, MANAUS-AM, CEP 69041-025
REFRIGERANTE COCA COLA PET 1LT;R$ 4,29;SUPERMERCADO NORDESTE;AV TORQUATO TAPAJOS, NRO 10949, TARUMA, NAO INFORMADO, MANAUS-AM, CEP 69041-025
REFRIGERANTE COCA COLA 1L;R$ 4,30;CASA DA CARNE;AV PEDRO TEIXEIRA, NRO 1726, DOM PEDRO I, MANAUS-AM, CEP 69040-000
REFRIGERANTE FANTA LARANJA 1L;R$ 4,35;EXPRESSO TARUMA;R J. LEITE, NRO 292, TARUMA, MANAUS-AM, CEP 69022-160
REFRIGERANTE GUARANA REAL GOLD 2L REAL BEBIDAS DA AMAZ LTDA;R$ 4,40;PADARIA LISBOA;RUA VOLUNTARIOS DA PATRIA, NRO 432, VILA DA PRATA, MANAUS-AM, CEP 69030-520
REFRIGERANTE PEPSI COLA REPET 2LT;R$ 4,49;SUPERMERCADO NORDESTE;AV TORQUATO TAPAJOS, NRO 10949, TARUMA, NAO INFORMADO, MANAUS-AM, CEP 69041-025
REFRIGERANTE BARE 2LT;R$ 4,49;MERCADINHO E ACOUGUE SAO JOSE;RUA JANAUACA, NRO 77, SAO JOSE OPERARIO, MANAUS-AM, CEP 69085-240
REFRIGERANTE LATA;R$ 4,50;RESTAURANTE DO PEIXE LTDA - ME;RUA A 26, NRO 00319, AJURICABA, MANAUS-AM, CEP 69045-280
REFRIGERANTE BIZZ COLA 3L;R$ 4,50;GUGA CONVENIENCIA;RUA CEL. FERREIRA DE ARAUJO, NRO 809, PETROPOLIS, MANAUS-AM, CEP 69063-000
PEPSI REFRIGERANTE 2L;R$ 4,50;MERCADINHO FB;RUA LORIS CORDOVIL, NRO 29, ALVORADA, MANAUS-AM, CEP 69043-010
REFRIGERANTE TUCHAUA CHAMP 2L;R$ 4,50;TABERNAO;RUA FRANCISCO ARRUDA, NRO 301, COROADO, MANAUS-AM, CEP 69083-060
REFRIGERANTE REGENTE;R$ 4,50;ILHA GELADA TIMBIRAS;AV. TIMBIRAS, NRO 92, CIDADE NOVA II, LOJA C, MANAUS-AM, CEP 69094-000
REFRIGERANTE COCA COLA RETORNAVEL 2L;R$ 4,50;MERCADINHO CRISTIANE;R CEL TABORDA DE MIRANDA, NRO 082, ALEIXO, MANAUS-AM, CEP 69094-270
REFRIGERANTE COCA-COLA RETORNAVEL DE 2 LTS. 101;R$ 4,50;COMERCIAL JACAUNA;RUA 49, NRO 022, CIDADE NOVA, MANAUS-AM, CEP 69097-749
REFRIGERANTE SPRITE 600ML;R$ 4,50;AUTO POSTO ARENA;LORIS CORDOVIL, NRO 907, ALVORADA, MANAUS-AM, CEP 69043-010
REFRIGERANTE PEPSI RETORNAVEL PET 2 LITROS;R$ 4,50;MERCADINHO 3 CORACOES;RUA VEIGA MIRANDA, NRO 590, SANTO ANTONIO, MANAUS-AM, CEP 69029-340
REFRIGERANTE  COCA  COLA 600ML;R$ 4,50;AUTO POSTO ARENA;LORIS CORDOVIL, NRO 907, ALVORADA, MANAUS-AM, CEP 69043-010
REFRIGERANTE LATA;R$ 4,50;DRINKS MONIQUE;RUA S, NRO 1, PARQUE 10, Q 22, MANAUS-AM, CEP 69050-000
REFRIGERANTE BARE PET 2L;R$ 4,50;MERCEARIA DAL;RUA SAO PAULO, NRO 185, COMPENSA I, MANAUS-AM, CEP 69030-180
REFRIGERANTE LATA;R$ 4,50;ESPETINHO DO SUZUKI;AVENIDA VISCONDE DE PORTO SEGURO, NRO 018, FLORES, LT.PQ 10, MANAUS-AM, CEP 69058-090
REFRIGERANTE COCA COLA 2L RETO;R$ 4,50;MERCADINHO BOM PRECO;RUA IBIRAIARAS, NRO 686, CIDADE NOVA, MANAUS-AM, CEP 69095-503
REFRIGERANTE FANTA UVA LATA 350ML;R$ 4,50;SODEXO RID SERVICOS E COMERCIO DE ALIMENTACAO LTDA;--, NRO --, CENTRO, MANAUS-AM, CEP 69025-050
REFRIGERANTE EM LATA;R$ 4,50;YURI DOCES E SALGADOS;AV RIO JUTAI, NRO 62, N SENHORA DAS GRACAS, MANAUS-AM, CEP 69053-002
REFRIGERANTE 600ML 3;R$ 4,50;RESTAURANTE CHINES;R HENRIQUE MARTINS, NRO 470, CENTRO, MANAUS-AM, CEP 69010-010
REFRIGERANTE LATA;R$ 4,50;PAPALOCA;AV. DJALMA BATISTA, NRO 482, PARQUE DEZ, MANAUS-AM, CEP 69050-010
REFRIGERANTE - COCA COLA RETORNAVEL 2L;R$ 4,50;MERCADINHO JOAO DOURADO;RUA JOAO DOURADO, NRO 036, NOVO ALEIXO, QD F31 LT36, MANAUS-AM, CEP 69098-198
REFRIGERANTE;R$ 4,50;KILOZITO;RUA RAMOS FERREIRA, NRO 1945, PRACA 14, MANAUS-AM, CEP 69020-080
REFRIGERANTE MAGISTRAL GOLD 1,5;R$ 4,50;BANCA DE REVISTA D LANAS;RUA JRUA, NRO 160, DISTRITO IND, MANAUS-AM, CEP 69045-170
REFRIGERANTE FANTA UVA 500ML;R$ 4,50;AUTO POSTO ARENA;LORIS CORDOVIL, NRO 907, ALVORADA, MANAUS-AM, CEP 69043-010
REFRIGERANTE COCA COLA (RETORN) PET 2L S/GARRAFA;R$ 4,50;SUPERMERCADO LEITE E MEL;AV. FABIO LUCENA, NRO 1460, JAPIIM, MANAUS-AM, CEP 69077-000
REFRIGERANTE;R$ 4,50;Molen Cafés Especiais;AVE MARIO YPIRANGA, NRO 1300, ADRIANÓPOLIS, L 253 PISO CASTANHEIRO MIK_73, MANAUS-AM, CEP 69057-002
REFRIGERANTE BARE 2L;R$ 4,50;MERCADINHO RIO JORDAO;AV 7 DE MAIO, NRO 1337, SANTA ETELVINA, MANAUS-AM, CEP 69059-423
REFRIGERANTE LATA;R$ 4,50;PASTELOTTA - LARANJEIRAS;R MATO GROSSO, NRO 13, FLORES, LARANJEIRAS, QD 3, MANAUS-AM, CEP 69058-460
REFRIGERANTE COCA COLA PET 600ML;R$ 4,50;DON PAO;RUA DOS CRISANTEMOS, 60 CONJ. TIRA DENTES, NRO 014, ALEIXO, MANAUS-AM, CEP 69083-230
REFRIGERANTE GUARANA ANTARCTICA REPET 2L;R$ 4,59;EXPRESSO TARUMA;R J. LEITE, NRO 292, TARUMA, MANAUS-AM, CEP 69022-160
REFRIGERANTE PEPSI REPET 2L;R$ 4,59;EXPRESSO TARUMA;R J. LEITE, NRO 292, TARUMA, MANAUS-AM, CEP 69022-160
REFRIGERANTE ANTARTICA REPET 2LT;R$ 4,69;SUPERMERCADO NORDESTE;AV TORQUATO TAPAJOS, NRO 10949, TARUMA, NAO INFORMADO, MANAUS-AM, CEP 69041-025
REFRIGERANTE SUKITA 2L;R$ 4,70;MERCADINHO RIO JORDAO;AV 7 DE MAIO, NRO 1337, SANTA ETELVINA, MANAUS-AM, CEP 69059-423
REFRIGERANTE COCA COLA PET RETORNAVEL 2 L;R$ 4,75;MERCADINHO 3 CORACOES;RUA VEIGA MIRANDA, NRO 590, SANTO ANTONIO, MANAUS-AM, CEP 69029-340
REFRIGERANTE MIXTO SUKITA ANTARTICA 2L;R$ 4,75;MERCADINHO SAO JOAO;RUA RIO TAPAJOS , 77, NRO 77, COLONIA TERRA NOVA, MANAUS-AM, CEP 69093-463
REFRIGERANTE FANTA LARANJA 1,5L;R$ 4,89;BIG AMIGAO F1;RUA DOS BARES, NRO 425, CENTRO, NAO INFORMADO, MANAUS-AM, CEP 69005-020
REFRIGERANTE BIZZ COLA 3L;R$ 4,89;CASA DE CARNE OTAVIO;RUA SAO EUSEBIO, NRO 219, TERRA NOVA, MANAUS-AM, CEP 69093-820
REFRIGERANTE FANTA  LARANJA;R$ 4,90;COZINHA DO PORTUGUES;ALAM COM.NATHANAEL ALGUQUERQUE, NRO 267, BAIRRO DA PAZ, CONJ S DUMONT, MANAUS-AM, CEP 69049-900
REFRIGERANTE COCA ZERO;R$ 4,90;COZINHA DO PORTUGUES;ALAM COM.NATHANAEL ALGUQUERQUE, NRO 267, BAIRRO DA PAZ, CONJ S DUMONT, MANAUS-AM, CEP 69049-900
REFRIGERANTE COCA COLA;R$ 4,90;COZINHA DO PORTUGUES;ALAM COM.NATHANAEL ALGUQUERQUE, NRO 267, BAIRRO DA PAZ, CONJ S DUMONT, MANAUS-AM, CEP 69049-900
REFRIGERANTE GUARANA  ANTARTICA;R$ 4,90;COZINHA DO PORTUGUES;ALAM COM.NATHANAEL ALGUQUERQUE, NRO 267, BAIRRO DA PAZ, CONJ S DUMONT, MANAUS-AM, CEP 69049-900
REFRIGERANTE - ANTARTICA 2L;R$ 4,99;MERCADINHO JOAO DOURADO;RUA JOAO DOURADO, NRO 036, NOVO ALEIXO, QD F31 LT36, MANAUS-AM, CEP 69098-198
REFRIGERANTE FANTA  UVA 1,5L UND;R$ 4,99;VAREJAO VIEIRALVES;AV JOAO VALERIO, NRO 664, NOSSA SENHORA DAS GRACAS, MANAUS-AM, CEP 69053-140
REFRIGERANTE - FANTA UVA;R$ 5,00;3XR BARBEARIA LTDA - ME;AV JOAO VALERIO, NRO 708 - 06, NOSSA SENHORA DAS GRACAS, CONJUNTO VIEIRALVES, MANAUS-AM, CEP 69053-140
REFRIGERANTE;R$ 5,00;Di Caputti Pizza e Bar LTDA ME;AV JOAO VALERIO, N 708, QD 52, S 3, N. SRA DAS GRACAS, MANAUS-AM, CEP 69053-140
REFRIGERANTE;R$ 5,00;wilson espetinhos especiais;R JORGE VEIGA, NRO 001, PARQUE DEZ DE NOVEMBRO, MANAUS-AM, CEP 69050-520
REFRIGERANTE LATA;R$ 5,00;SPETITTO;R MATO GROSSO, NRO 010, FLORES, LOJA 03 PQ DAS LARANJEIRA, MANAUS-AM, CEP 69058-460
REFRIGERANTE LATA;R$ 5,00;CANTINA GRILL;AV. DJALMA BATISTA, NRO 2100, PARQUE 10, LOJA FF 210 - 2 PISO, MANAUS-AM, CEP 69050-010
REFRIGERANTE COCA COLA;R$ 5,00;O Sindicato BBQ-Drinks;RUA DIAMANTE, NRO 3, NOSSA SENHORA DAS GRAÇAS, QUADRA P CONJ MANAUENSE, MANAUS-AM, CEP 69053-700
REFRIGERANTE;R$ 5,00;Alentejo Cozinha Portuguesa;RUA PARA, NRO 000, CENTRO, MANAUS-AM, CEP 69053-575
REFRIGERANTE FANTA LARANJA 500ML;R$ 5,00;LOJAS AMPM;VALERIO BOTELHO DE ANDRADE, NRO 284, SAO FRANCISCO, LOJA 02, MANAUS-AM, CEP 69079-260
REFRIGERANTE - COCA COLA;R$ 5,00;3XR BARBEARIA LTDA - ME;AV JOAO VALERIO, NRO 708 - 06, NOSSA SENHORA DAS GRACAS, CONJUNTO VIEIRALVES, MANAUS-AM, CEP 69053-140
REFRIGERANTE FANTA LARANJA;R$ 5,00;O Sindicato BBQ-Drinks;RUA DIAMANTE, NRO 3, NOSSA SENHORA DAS GRAÇAS, QUADRA P CONJ MANAUENSE, MANAUS-AM, CEP 69053-700
REFRIGERANTE - COCA ZERO;R$ 5,00;S L E RESTAURANTE LTDA;AV PARAIBA, NRO 665, ADRIANOPOLIS, MANAUS-AM, CEP 69057-021
REFRIGERANTE;R$ 5,00;TROPEIRO;AV. RECIFE, NRO 230, FLORES, MANAUS-AM, CEP 69050-001
REFRIGERANTE BARE 2L;R$ 5,00;MERCADINHO LEITE;AV SAMAUMA NR 2083, NRO 2083, MONTE DAS OLIVEIRAS, MANAUS-AM, CEP 69093-132
REFRIGERANTE 600ML 7891991002646;R$ 5,00;BRASPAO;AVENIDA LEOPOLDO PERES, NRO 672, EDUCANDOS, MANAUS-AM, CEP 69070-250
REFRIGERANTE - COCA COLA ZERO;R$ 5,00;3XR BARBEARIA LTDA - ME;AV JOAO VALERIO, NRO 708 - 06, NOSSA SENHORA DAS GRACAS, CONJUNTO VIEIRALVES, MANAUS-AM, CEP 69053-140
REFRIGERANTE GUARANA ANTARCTICA 2L;R$ 5,00;ESQUINA DAS FRUTAS E VERDURAS;R LUIS OTAVIO, NRO 002, SANTA ETELVINA, A, MANAUS-AM, CEP 69059-320
REFRIGERANTE;R$ 5,00;AM   MANAUARA;AV  MARIO YPIRANGA, NRO 1300, ADRIANOPOLIS, MANAUARA SHOPP, MANAUS-AM, CEP 69057-002
REFRIGERANTE BARE 2L;R$ 5,00;MERCADINHO BRASIL;R BARAO DE SAO DOMINGOS, NRO 061, CENTRO, MANAUS-AM, CEP 69005-010
REFRIGERANTE;R$ 5,00;MR. PRETZELS;AV CEL TEIXEIRA, NRO 5705, PONTA NEGRA, MANAUS-AM, CEP 69037-000
REFIGERANTE LATA;R$ 5,00;SPLASH PIZZA- TEATRO;RUA JOSÉ CLEMENTE, NRO 500, CENTRO, AO LADO DO TEATRO AMAZONAS, MANAUS-AM, CEP 69010-070
BEBIDA REFRIGERANTE AQUARIUS FRESH LIMAO;R$ 5,00;SHOP. MANAUARA;AV MARIO YPIRANGA, NRO 1300, ADRIANOPOLIS, MANAUS-AM, CEP 69057-002
REFRIGERANTE 350ML;R$ 5,00;BOULEVARD SLAASS FLAT HOTEL;AV BOULEVARD ALVARO MAIA, NRO 1442, PRACA 14 DE JANEIRO, MANAUS-AM, CEP 69020-210
REFRIGERANTE  COCA  COLA 600ML;R$ 5,00;LOJAS AMPM;VALERIO BOTELHO DE ANDRADE, NRO 284, SAO FRANCISCO, LOJA 02, MANAUS-AM, CEP 69079-260
REFRIGERANTE COCA560;R$ 5,00;ILHA GELADA TIMBIRAS;AV. TIMBIRAS, NRO 92, CIDADE NOVA II, LOJA C, MANAUS-AM, CEP 69094-000
REFRIGERANTE LATA;R$ 5,00;UNIAO ALIMENTOS LTDA;AVE RODRIGO OTAVIO, NRO 3555, DISTRITO INDUSTRIAL, LOJA FF 11, MANAUS-AM, CEP 69077-030
REFRIGERANTE LATA;R$ 5,00;DI CAPUTTI COMERCIAL DE ALIMENTOS L;AV EPHIGENIO SALLES BL B LJ6, NRO 2300, ALEIXO, MANAUS-AM, CEP 69060-020
REFRIGERANTE - FANTA LARANJA;R$ 5,00;3XR BARBEARIA LTDA - ME;AV JOAO VALERIO, NRO 708 - 06, NOSSA SENHORA DAS GRACAS, CONJUNTO VIEIRALVES, MANAUS-AM, CEP 69053-140
REFRIGERANTE;R$ 5,00;A S DE CASTRO;AV. RECIFE, NRO 230, FLORES, MANAUS-AM, CEP 69050-001
REFRIGERANTE;R$ 5,00;MR. PRETZELS;AV MARIO YPIRANGA, NRO 1300, ADRIANOPOLIS, MANAUS-AM, CEP 69057-002
REFRIGERANTE BARE 2 LTS;R$ 5,00;MERCADINHO DIULIANE;RUA PARAGUACU, NRO 026, VALE DO AMANHECER - PETROPOLIS, MANAUS-AM, CEP 69067-629
REFRIGERANTE COCA COLA 600ML 17;R$ 5,00;CHACARA RESTAURANTE;AVENIDA AUTAZ MIRIM, NRO 8612, SAO JOSE OPERARIO, MANAUS-AM, CEP 69085-000
REFRIGERANTE 600ML U;R$ 5,00;CARREFOUR;AV DJALMA BATISTA 482 LOJA B  CHAPADA, NRO 482, CHAPADA, LOJA B, MANAUS-AM, CEP 69050-902
REFRIGERANTE 500ML COMBO;R$ 5,00;FIORENTINA ALEMA;DJALMA BATISTA, NRO 482, CHAPADA, LOJA 229, MANAUS-AM, CEP 69050-010
REFRIGERANTE - GUARANA ANTARCTICA;R$ 5,00;S L E RESTAURANTE LTDA;AV PARAIBA, NRO 665, ADRIANOPOLIS, MANAUS-AM, CEP 69057-021
REFRIGERANTE - PEPSI 2LT;R$ 5,00;MERCADINHO JOAO DOURADO;RUA JOAO DOURADO, NRO 036, NOVO ALEIXO, QD F31 LT36, MANAUS-AM, CEP 69098-198
REFRIGERANTE;R$ 5,00;MR. PRETZELS;AV DJALMA BATISTA, NRO 482, PARQUE DEZ, MANAUS-AM, CEP 69050-010
REFRIGERANTE COCA COLA PET 1L;R$ 5,00;TABERNAO;RUA FRANCISCO ARRUDA, NRO 301, COROADO, MANAUS-AM, CEP 69083-060
REFRIGERANTE LATA;R$ 5,00;ALMANAQUE;AVENIDA CORONEL TEIXEIRA, NRO 5705, PONTA NEGRA, MANAUS-AM, CEP 69037-000
REFRIGERANTE LATA 350ML;R$ 5,00;SUYSEI RESTAURANTE;RUA URUCARA, NRO 01147, CACHOEIRINHA, MANAUS-AM, CEP 69065-180
REFRIGERANTE LATA/CR/;R$ 5,00;APHRODITE MOTEL;AV PROFESSOR NILTON LINS, NRO 335, FLORES, MANAUS-AM, CEP 69048-060
REFRIGERANTE COCA COLA 1,5L;R$ 5,09;BIG AMIGAO F1;RUA DOS BARES, NRO 425, CENTRO, NAO INFORMADO, MANAUS-AM, CEP 69005-020
REFRIGERANTE PEPSI 2L;R$ 5,20;CASA DA CARNE;AV PEDRO TEIXEIRA, NRO 1726, DOM PEDRO I, MANAUS-AM, CEP 69040-000
REFRIGERANTE COCA COLA   1,5L UND;R$ 5,25;VAREJAO VIEIRALVES;AV JOAO VALERIO, NRO 664, NOSSA SENHORA DAS GRACAS, MANAUS-AM, CEP 69053-140
REFRIGERANTE KUAT   2LT UND;R$ 5,30;VAREJAO VIEIRALVES;AV JOAO VALERIO, NRO 664, NOSSA SENHORA DAS GRACAS, MANAUS-AM, CEP 69053-140
REFRIGERANTE FANTA LARANJA 1 5L;R$ 5,35;EXPRESSO TARUMA;R J. LEITE, NRO 292, TARUMA, MANAUS-AM, CEP 69022-160
REFRIGERANTE FANTA UVA 1 5L;R$ 5,35;EXPRESSO TARUMA;R J. LEITE, NRO 292, TARUMA, MANAUS-AM, CEP 69022-160
REFRIGERANTE COCA COLA ZERO 1 5L;R$ 5,35;EXPRESSO TARUMA;R J. LEITE, NRO 292, TARUMA, MANAUS-AM, CEP 69022-160
REFRIGERANTE FANTA UVA 1 5L UN COCA COLA;R$ 5,43;PADARIA LISBOA;RUA VOLUNTARIOS DA PATRIA, NRO 432, VILA DA PRATA, MANAUS-AM, CEP 69030-520
REFRIGERANTE FANTA LARANJA 1 5L;R$ 5,43;PADARIA LISBOA;RUA VOLUNTARIOS DA PATRIA, NRO 432, VILA DA PRATA, MANAUS-AM, CEP 69030-520
REFRIGERANTE FANTA UVA 1 5L;R$ 5,43;PADARIA LISBOA;RUA VOLUNTARIOS DA PATRIA, NRO 432, VILA DA PRATA, MANAUS-AM, CEP 69030-520
REFRIGERANTE FANTA LARANJA 1 5L UN COCA COLA;R$ 5,43;PADARIA LISBOA;RUA VOLUNTARIOS DA PATRIA, NRO 432, VILA DA PRATA, MANAUS-AM, CEP 69030-520
REFRIGERANTE COCA COLA ZERO 1 5L UN COCA COLA;R$ 5,43;PADARIA LISBOA;RUA VOLUNTARIOS DA PATRIA, NRO 432, VILA DA PRATA, MANAUS-AM, CEP 69030-520
REFRIGERANTE COCA COLA 1.5LT;R$ 5,49;SUPERMERCADO NORDESTE;AV TORQUATO TAPAJOS, NRO 10949, TARUMA, NAO INFORMADO, MANAUS-AM, CEP 69041-025
REFRIGERANTE;R$ 5,50;Restaurante Choupana;RUA: MARIO IPIRANGA, NRO 790, ADRIANOPOLIS, MANAUS-AM, CEP 69057-001
REFRIGERANTE PEPSI COLA 2L;R$ 5,50;MERCADINHO SALVADOR;R JOAO PAULO I, NRO 336, ALVORADA, MANAUS-AM, CEP 69042-210
REFRIGERANTE COCA CO;R$ 5,50;MERCADINHO VERONA;AV OSCAR BOREL, NRO 233, COMPENSA, MANAUS-AM, CEP 69035-210
REFRIGERANTE BARE 2L;R$ 5,50;O BARATINHO;AV. JORGE BIVACUA, NRO 290, JAPIIM, MANAUS-AM, CEP 69078-100
REFRIGERANTE COCA COLA 1,5L;R$ 5,50;MERCADINHO ADAO EVA;RUA PROFESSORA RAIMUNDA MAGALHAES, NRO 103, COROADO II, MANAUS-AM, CEP 69080-271
REFRIGERANTE COCA COLA 1,5LT;R$ 5,50;ESQUINA DAS FRUTAS E VERDURAS;R LUIS OTAVIO, NRO 002, SANTA ETELVINA, A, MANAUS-AM, CEP 69059-320
REFRIGERANTE COCA-COLA PET 1,5L [DIVERSOS];R$ 5,50;COMERCIAL RHYANNA;RUA GUAJURU, NRO 012, CIDADE NOVA, MANAUS-AM, CEP 69090-326
REFRIGERANTE;R$ 5,50;RESTAURANTE HIMAWARI;RUA 10 DE JULHO, NRO 618, CENTRO, MANAUS-AM, CEP 69000-000
REFRIGERANTE - COCA COLA 1,5 LT;R$ 5,50;MERCADINHO JOAO DOURADO;RUA JOAO DOURADO, NRO 036, NOVO ALEIXO, QD F31 LT36, MANAUS-AM, CEP 69098-198
REFRIGERANTE COLA COCA COLA 1,5L;R$ 5,50;MERCADINHO SAO JOAO;RUA RIO TAPAJOS , 77, NRO 77, COLONIA TERRA NOVA, MANAUS-AM, CEP 69093-463
REFRIGERANTE COCA COLA 1,5 LITS;R$ 5,50;MERCADINHO PANTANAL;RUA SANTA HELENA, NRO 683, BETANIA, MANAUS-AM, CEP 69073-070
REFRIGERANTE FANTA LARANJA 1.;R$ 5,50;MERCADINHO ADAO EVA;RUA PROFESSORA RAIMUNDA MAGALHAES, NRO 103, COROADO II, MANAUS-AM, CEP 69080-271
REFRIGERANTE GUARANA ANTARCTI;R$ 5,50;MERCADINHO ADAO EVA;RUA PROFESSORA RAIMUNDA MAGALHAES, NRO 103, COROADO II, MANAUS-AM, CEP 69080-271
REFRIGERANTE - FANTA LARANJA 1,5L;R$ 5,50;MERCADINHO JOAO DOURADO;RUA JOAO DOURADO, NRO 036, NOVO ALEIXO, QD F31 LT36, MANAUS-AM, CEP 69098-198
REFRIGERANTE FANTA UVA 2LT;R$ 5,50;ESQUINA DAS FRUTAS E VERDURAS;R LUIS OTAVIO, NRO 002, SANTA ETELVINA, A, MANAUS-AM, CEP 69059-320
REFRIGERANTE COCA COLA ZERO ACUCAR 1,5 LT1220;R$ 5,50;DISTRIBUIDORA JB;RUA 21 DE AGOSTO, NRO 23, ALVORADA 2, MANAUS-AM, CEP 69045-000
REFRIGERANTE GRAPETTE 2L REFRIGERANTE (MAGISTRAL);R$ 5,50;FRANK PAN;RUA MAJOR GABRIEL, NRO 1311, CENTRO, MANAUS-AM, CEP 69020-060
REFRIGERANTE PEPSI REPETE PET 2L;R$ 5,50;TABERNAO;RUA FRANCISCO ARRUDA, NRO 301, COROADO, MANAUS-AM, CEP 69083-060
REFRIGERANTE FANTA UVA PET 1,5;R$ 5,50;MERCADINHO ADAO EVA;RUA PROFESSORA RAIMUNDA MAGALHAES, NRO 103, COROADO II, MANAUS-AM, CEP 69080-271
REFRIGERANTE PEPSI 2L 221;R$ 5,50;FRIGORIFICO MANAUS 1;R OURO PRETO, NRO 394, COROADO, MANAUS-AM, CEP 69080-430
REFRIGERANTE GUARANA ANTARCTICA RETORNAVEL 2L GUARANA ANTARCTICA AMBEV;R$ 5,50;PADARIA LISBOA;RUA VOLUNTARIOS DA PATRIA, NRO 432, VILA DA PRATA, MANAUS-AM, CEP 69030-520
REFRIGERANTE;R$ 5,50;LodeMaria;RUA ACRE, NRO 108, NOSSA SENHORA DAS GRAÇAS, CONJ. VIEIRALVES, MANAUS-AM, CEP 69053-130
REFRIGERANTE PEPSI 2L UN AMBEV S A;R$ 5,57;PADARIA LISBOA;RUA VOLUNTARIOS DA PATRIA, NRO 432, VILA DA PRATA, MANAUS-AM, CEP 69030-520
REFRIGERANTE COCA COLA 1 5L;R$ 5,60;EXPRESSO TARUMA;R J. LEITE, NRO 292, TARUMA, MANAUS-AM, CEP 69022-160
REFRIGERANTE LATA;R$ 5,60;PREMIATTO MANAUS (SHOP. MANAUARA);AV MARIO YPIRANGA, NRO 1300, ADRIANOPOLIS, MANAUS-AM, CEP 69057-015
REFRIGERANTE PEPSI PET 2L;R$ 5,65;CASA DE CARNE OTAVIO;RUA SAO EUSEBIO, NRO 219, TERRA NOVA, MANAUS-AM, CEP 69093-820
REFRIGERANTE GUARANA ANTARCTI;R$ 5,65;CASA DE CARNE OTAVIO;RUA SAO EUSEBIO, NRO 219, TERRA NOVA, MANAUS-AM, CEP 69093-820
REFRIGERANTE PEPSI  COLA 2L;R$ 5,75;VAREJAO VIEIRALVES;AV JOAO VALERIO, NRO 664, NOSSA SENHORA DAS GRACAS, MANAUS-AM, CEP 69053-140
REFRIGERANTE COCA COLA 1,5L;R$ 5,75;MERCADINHO BOM PRECO;RUA IBIRAIARAS, NRO 686, CIDADE NOVA, MANAUS-AM, CEP 69095-503
REFRIGERANTE ANTARCTICA SODA LIMONADA 2LT UN;R$ 5,75;VAREJAO VIEIRALVES;AV JOAO VALERIO, NRO 664, NOSSA SENHORA DAS GRACAS, MANAUS-AM, CEP 69053-140
REFRIGERANTE ANTARCTICA  ORIGINAL 2LT UND;R$ 5,75;VAREJAO VIEIRALVES;AV JOAO VALERIO, NRO 664, NOSSA SENHORA DAS GRACAS, MANAUS-AM, CEP 69053-140
REFRIGERANTE ANTARCTICA ZERO PET 2LT UND;R$ 5,75;VAREJAO VIEIRALVES;AV JOAO VALERIO, NRO 664, NOSSA SENHORA DAS GRACAS, MANAUS-AM, CEP 69053-140
REFRIGERANTE FANTA LARANJA 2L;R$ 5,81;BIG AMIGAO F4;RUA FRANCISCA MENDES, NRO 2360, CIDADE DE DEUS, NAO INFORMADO, MANAUS-AM, CEP 69099-345
REFRIGERANTE FANTA UVA PET 1,5;R$ 5,89;CASA DE CARNE OTAVIO;RUA SAO EUSEBIO, NRO 219, TERRA NOVA, MANAUS-AM, CEP 69093-820
REFRIGERANTE FANTA LARANJA PET 1,5 L;R$ 5,99;MERCADINHO 3 CORACOES;RUA VEIGA MIRANDA, NRO 590, SANTO ANTONIO, MANAUS-AM, CEP 69029-340
REFRIGERANTE GUARANA ANTARCTICA 2L;R$ 5,99;MERCADINHO E ACOUGUE SAO JOSE;RUA JANAUACA, NRO 77, SAO JOSE OPERARIO, MANAUS-AM, CEP 69085-240
REFRIGERANTE FANTA LARANJA 2L UN COCA COLA;R$ 5,99;PADARIA LISBOA;RUA VOLUNTARIOS DA PATRIA, NRO 432, VILA DA PRATA, MANAUS-AM, CEP 69030-520
REFRIGERANTE COCA COLA ZERO PET 1,5L;R$ 5,99;MERCADINHO 3 CORACOES;RUA VEIGA MIRANDA, NRO 590, SANTO ANTONIO, MANAUS-AM, CEP 69029-340
REFRIGERANTE PEPSI PET 2L;R$ 5,99;MERCADINHO ADAO EVA;RUA PROFESSORA RAIMUNDA MAGALHAES, NRO 103, COROADO II, MANAUS-AM, CEP 69080-271
REFRIGERANTE COCA COLA 1 5L;R$ 5,99;PADARIA LISBOA;RUA VOLUNTARIOS DA PATRIA, NRO 432, VILA DA PRATA, MANAUS-AM, CEP 69030-520
REFRIGERANTE FANTA LARANJA 2LT;R$ 5,99;ESQUINA DAS FRUTAS E VERDURAS;R LUIS OTAVIO, NRO 002, SANTA ETELVINA, A, MANAUS-AM, CEP 69059-320
REFRIGERANTE PEPSI 2L;R$ 5,99;MERCADINHO JAPONES;RUA MANOEL MARQUES DE SOUZA, NRO 242, PARQUE DEZ, MANAUS-AM, CEP 69055-240
REFRIGERANTE PET 2L COCA COLA;R$ 5,99;CASA DE CARNE OTAVIO;RUA SAO EUSEBIO, NRO 219, TERRA NOVA, MANAUS-AM, CEP 69093-820
REFRIGERANTE COCA COLA 1 5L UN COCA COLA;R$ 5,99;PADARIA LISBOA;RUA VOLUNTARIOS DA PATRIA, NRO 432, VILA DA PRATA, MANAUS-AM, CEP 69030-520
REFRIGERANTE GUARANA ANTARCTICA ZERO 2L;R$ 5,99;EXPRESSO TARUMA;R J. LEITE, NRO 292, TARUMA, MANAUS-AM, CEP 69022-160
REFRIGERANTE FANTA L;R$ 5,99;MERCADINHO VERONA;AV OSCAR BOREL, NRO 233, COMPENSA, MANAUS-AM, CEP 69035-210
REFRIGERANTE FANTA U;R$ 5,99;MERCADINHO VERONA;AV OSCAR BOREL, NRO 233, COMPENSA, MANAUS-AM, CEP 69035-210
REFRIGERANTE PEPSI REPET 2L;R$ 5,99;MERCADINHO ADAO EVA;RUA PROFESSORA RAIMUNDA MAGALHAES, NRO 103, COROADO II, MANAUS-AM, CEP 69080-271
REFRIGERANTE COCA-CO;R$ 5,99;MERCADINHO VERONA;AV OSCAR BOREL, NRO 233, COMPENSA, MANAUS-AM, CEP 69035-210
REFRIGERANTE SUKITA 2L;R$ 5,99;EXPRESSO TARUMA;R J. LEITE, NRO 292, TARUMA, MANAUS-AM, CEP 69022-160
REFRIGERANTE FANTA LARANJA 2L;R$ 5,99;CASA DE CARNE OTAVIO;RUA SAO EUSEBIO, NRO 219, TERRA NOVA, MANAUS-AM, CEP 69093-820
REFRIGERANTE LATA SABORES;R$ 6,00;SUBWAY AMAZONAS;AV. DJALMA BATISTA, NRO 482, PARQUE 10, PISO1 LOJA 379, MANAUS-AM, CEP 69050-010
REFRIGERANTE LATA SABORES;R$ 6,00;GORDURA ZERO ALIMENTACAO SAUDAVEL;AV. SANTOS DUMMONT, NRO 1350, TARUMA, MANAUS-AM, CEP 69041-000
REFRIGERANTE COCA COLA LATA 310 ML;R$ 6,00;Comfort Hotel Manaus - Data Inn;AV. MANDII, NRO 263, DISTRITO INDUSTRIAL, MANAUS-AM, CEP 69075-140
REFRIGERANTE 600 ML;R$ 6,00;RESTAURANTE DO PEIXE LTDA - ME;RUA A 26, NRO 00319, AJURICABA, MANAUS-AM, CEP 69045-280
REFRIGERANTE LATA;R$ 6,00;AMOR AOS PEDACOS MANAUS;AV MARIO YPIRANGA, NRO 1300, ADRIANOPOLIS, LJ 295, MANAUS-AM, CEP 69057-002
REFRIGERANTE FANTA L;R$ 6,00;PANIFICADORA BARCELONA;RUA PROF. RAYMUNDA MAGALHAES, NRO 105, COROADO II, MANAUS-AM, CEP 69070-280
REFRIGERANTE - BARE;R$ 6,00;S L E RESTAURANTE LTDA;AV PARAIBA, NRO 665, ADRIANOPOLIS, MANAUS-AM, CEP 69057-021
REFRIGERANTE - SPRITE;R$ 6,00;S L E RESTAURANTE LTDA;AV PARAIBA, NRO 665, ADRIANOPOLIS, MANAUS-AM, CEP 69057-021
REFRIGERANTE DE 1LITRO;R$ 6,00;PIZZARIA E RESTAURANTE BABALU;AVENIDA BORBA, NRO 777, CACHOEIRINHA, MANAUS-AM, CEP 69065-030
REFRIGERANTE - COCA COLA;R$ 6,00;S L E RESTAURANTE LTDA;AV PARAIBA, NRO 665, ADRIANOPOLIS, MANAUS-AM, CEP 69057-021
REFRIGERANTE DE 1 LT;R$ 6,00;DI MARIA REFEICOES;RUA BIRIBA, NRO 00034, CIDADE NOVA, MANAUS-AM, CEP 69095-000
REFRIGERANTE - FANTA GUARANA;R$ 6,00;S L E RESTAURANTE LTDA;AV PARAIBA, NRO 665, ADRIANOPOLIS, MANAUS-AM, CEP 69057-021
REFRIGERANTE COCA COLA 2LT;R$ 6,00;ESQUINA DAS FRUTAS E VERDURAS;R LUIS OTAVIO, NRO 002, SANTA ETELVINA, A, MANAUS-AM, CEP 69059-320
REFRIGERANTE GUARANA ANTARC ZERO LA350ML;R$ 6,00;Sleep Inn Manaus - Data Inn;AV. RODRIGO OTAVIO, NRO 3373, DISTRITO INDUSTRIAL, MANAUS-AM, CEP 69077-000
REFRIGERANTE - PEPSI;R$ 6,00;S L E RESTAURANTE LTDA;AV PARAIBA, NRO 665, ADRIANOPOLIS, MANAUS-AM, CEP 69057-021
REFRIGERANTE LATA SABORES;R$ 6,00;SUBWAY MUNDI;AV. EPHIGENIO SALLES, NRO 2300, ALEIXO, LOJA B-11, MANAUS-AM, CEP 69060-020
REFRIGERANTE MAGISTRAL COMUM 1,5 L;R$ 6,00;Mr.Pizzo;AV PEDRO TEIXEIRA, NRO 931, DOM PEDRO, CONJUNTO DOM PEDRO, MANAUS-AM, CEP 69040-000
REFRIGERANTE GUARANA ANTARCTICA LATA350M;R$ 6,00;Comfort Hotel Manaus - Data Inn;AV. MANDII, NRO 263, DISTRITO INDUSTRIAL, MANAUS-AM, CEP 69075-140
REFRIGERANTE COCA COLA LATA 350 ML;R$ 6,00;Sleep Inn Manaus - Data Inn;AV. RODRIGO OTAVIO, NRO 3373, DISTRITO INDUSTRIAL, MANAUS-AM, CEP 69077-000
REFRIGERANTE COCA CO;R$ 6,00;MERCADINHO ANNE;RUA MIRASSELVAS, NRO 1987, REDENCAO, MANAUS-AM, CEP 69047-042
REFRIGERANTE LATA SABORES;R$ 6,00;SUBWAY PONTA NEGRA MALL;AV CORONEL TEIXEIRA, NRO 9555, PONTA NEGRA, LOJA 03, MANAUS-AM, CEP 69037-000
REFRIGERANTE COCA COLA 1L 15;R$ 6,00;CHACARA RESTAURANTE;AVENIDA AUTAZ MIRIM, NRO 8612, SAO JOSE OPERARIO, MANAUS-AM, CEP 69085-000
REFRIGERANTE GUARANA ANTARCTICA LATA350M;R$ 6,00;Sleep Inn Manaus - Data Inn;AV. RODRIGO OTAVIO, NRO 3373, DISTRITO INDUSTRIAL, MANAUS-AM, CEP 69077-000
REFRIGERANTE COCA COLA ZERO LATA 350 ML;R$ 6,00;Sleep Inn Manaus - Data Inn;AV. RODRIGO OTAVIO, NRO 3373, DISTRITO INDUSTRIAL, MANAUS-AM, CEP 69077-000
REFRIGERANTE;R$ 6,00;TIO ARMENIO;AV AV MARIO YPIRANGA, NRO 1300, ADRIANOPOLIS, SHOPPING, MANAUS-AM, CEP 69057-002
REFRIGERANTE ANTARCTICA ZERO 2LT;R$ 6,09;SUPERMERCADO NORDESTE;AV TORQUATO TAPAJOS, NRO 10949, TARUMA, NAO INFORMADO, MANAUS-AM, CEP 69041-025
REFRIGERANTE COCA COLA 2L;R$ 6,25;MERCADINHO SAO FRANCISCO;TRV DOS FRANCESES, NRO 012, ALVORADA I, MANAUS-AM, CEP 69043-320
REFRIGERANTE FANTA UVA 2LT;R$ 6,39;SUPERMERCADO NORDESTE;AV TORQUATO TAPAJOS, NRO 10949, TARUMA, NAO INFORMADO, MANAUS-AM, CEP 69041-025
REFRIGERANTE COCA COLA ZERO PET 2LT;R$ 6,39;SUPERMERCADO NORDESTE;AV TORQUATO TAPAJOS, NRO 10949, TARUMA, NAO INFORMADO, MANAUS-AM, CEP 69041-025
REFRIGERANTE COCA COLA 2L;R$ 6,39;BIG AMIGAO F4;RUA FRANCISCA MENDES, NRO 2360, CIDADE DE DEUS, NAO INFORMADO, MANAUS-AM, CEP 69099-345
REFRIGERANTE FANTA LARANJA 2LT;R$ 6,39;SUPERMERCADO NORDESTE;AV TORQUATO TAPAJOS, NRO 10949, TARUMA, NAO INFORMADO, MANAUS-AM, CEP 69041-025
REFRIGERANTE COCA COLA ZERO 2;R$ 6,49;MERCADINHO ADAO EVA;RUA PROFESSORA RAIMUNDA MAGALHAES, NRO 103, COROADO II, MANAUS-AM, CEP 69080-271
REFRIGERANTE COCA COLA PET 2L;R$ 6,49;MERCADINHO ADAO EVA;RUA PROFESSORA RAIMUNDA MAGALHAES, NRO 103, COROADO II, MANAUS-AM, CEP 69080-271
REFRIGERANTE FANTA LARANJA 2L;R$ 6,49;MERCADINHO ADAO EVA;RUA PROFESSORA RAIMUNDA MAGALHAES, NRO 103, COROADO II, MANAUS-AM, CEP 69080-271
REFRIGERANTE COCA COLA 2 LITROS;R$ 6,50;CASA DA CARNE SANTAREM;AV PAULO VI, NRO 003, PETROPOLIS, MANAUS-AM, CEP 69067-390
REFRIGERANTE - FANTA UVA 2L;R$ 6,50;MERCADINHO JOAO DOURADO;RUA JOAO DOURADO, NRO 036, NOVO ALEIXO, QD F31 LT36, MANAUS-AM, CEP 69098-198
REFRIGERANTE BARE PET 6X2000ML UN UNICO;R$ 6,50;BELLA SERPAN CASA DOS PAES;AV EPHIGENIO SALES, NRO 011, ALEIXO, MANAUS-AM, CEP 69060-020
REFRIGERANTE FANTA UVA PET 2L;R$ 6,50;MERCADINHO ADAO EVA;RUA PROFESSORA RAIMUNDA MAGALHAES, NRO 103, COROADO II, MANAUS-AM, CEP 69080-271
REFRIGERANTE ANT ZERO 2LTS;R$ 6,50;O BARATINHO;AV. JORGE BIVACUA, NRO 290, JAPIIM, MANAUS-AM, CEP 69078-100
C 02 MISTO QUENTE + REFRIGERANTE COCA COLA;R$ 6,50;VAREJAO VIEIRALVES;AV JOAO VALERIO, NRO 664, NOSSA SENHORA DAS GRACAS, MANAUS-AM, CEP 69053-140
REFRIGERANTE COCA-COLA PET 2L [DIVERSOS];R$ 6,50;COMERCIAL RHYANNA;RUA GUAJURU, NRO 012, CIDADE NOVA, MANAUS-AM, CEP 69090-326
REFRIGERANTE COCA COLA 2 LTS;R$ 6,50;MERCADINHO PANTANAL;RUA SANTA HELENA, NRO 683, BETANIA, MANAUS-AM, CEP 69073-070
REFRIGERANTE BARE GUARANA 2L;R$ 6,50;LOJAS AMPM;VALERIO BOTELHO DE ANDRADE, NRO 284, SAO FRANCISCO, LOJA 02, MANAUS-AM, CEP 69079-260
REFRIGERANTE COCA COLA 2L;R$ 6,50;O BARATINHO;AV. JORGE BIVACUA, NRO 290, JAPIIM, MANAUS-AM, CEP 69078-100
REFRIGERANTE COCA-COLA ZERO PET 2L [DIVERSOS];R$ 6,50;COMERCIAL RHYANNA;RUA GUAJURU, NRO 012, CIDADE NOVA, MANAUS-AM, CEP 69090-326
REFRIGERANTE - COCA COLA 2L;R$ 6,50;MERCADINHO JOAO DOURADO;RUA JOAO DOURADO, NRO 036, NOVO ALEIXO, QD F31 LT36, MANAUS-AM, CEP 69098-198
REFRIGERANTE GUARANA ANTARTICA DIET PET 2 L;R$ 6,50;MERCADINHO 3 CORACOES;RUA VEIGA MIRANDA, NRO 590, SANTO ANTONIO, MANAUS-AM, CEP 69029-340
REFIGERANTE COCA COLA 2L 320054;R$ 6,50;MERCADINHO TIO LUIZ;R FRANCISCA MENDES, NRO 901, CIDADE DE DEUS, MANAUS-AM, CEP 69099-340
REFRIGERANTE PEPSI 2L;R$ 6,50;REQUINTE PAES E TORTAS;AV  CRAVINA DOS POETAS, NRO 546, ALVORADA, SEM COMPLEMENTO, MANAUS-AM, CEP 69046-000
REFRIGERANTE BARE GUARANA PET 2L;R$ 6,50;TABERNAO;RUA FRANCISCO ARRUDA, NRO 301, COROADO, MANAUS-AM, CEP 69083-060
REFRIGERANTE FANTA LARANJA 2L;R$ 6,55;EXPRESSO TARUMA;R J. LEITE, NRO 292, TARUMA, MANAUS-AM, CEP 69022-160
REFRIGERANTE COCA COLA 2L;R$ 6,55;EXPRESSO TARUMA;R J. LEITE, NRO 292, TARUMA, MANAUS-AM, CEP 69022-160
REFRIGERANTE COCA COLA ZERO 2L;R$ 6,55;EXPRESSO TARUMA;R J. LEITE, NRO 292, TARUMA, MANAUS-AM, CEP 69022-160
REFRIGERANTE FANTA GUARANA 2L;R$ 6,55;EXPRESSO TARUMA;R J. LEITE, NRO 292, TARUMA, MANAUS-AM, CEP 69022-160
REFRIGERANTE COCA COLA 2LT;R$ 6,69;SUPERMERCADO NORDESTE;AV TORQUATO TAPAJOS, NRO 10949, TARUMA, NAO INFORMADO, MANAUS-AM, CEP 69041-025
REFRIGERANTE FANTA/LARANJA 2LT;R$ 6,75;MERCADINHO E ACOUGUE SAO JOSE;RUA JANAUACA, NRO 77, SAO JOSE OPERARIO, MANAUS-AM, CEP 69085-240
REFRIGERANTE DE COLA COCA - COLA 2L;R$ 6,75;MERCADINHO E ACOUGUE PAULÞO;RUA ASA BRANCA, NRO 21, TARUMA, MANAUS-AM, CEP 69041-180
REFRIGERANTE COCA/COLA 2LT;R$ 6,75;MERCADINHO E ACOUGUE SAO JOSE;RUA JANAUACA, NRO 77, SAO JOSE OPERARIO, MANAUS-AM, CEP 69085-240
REFRIGERANTE COCA CO;R$ 6,75;CASA DA CARNE OTAVIO;RUA FORMOSA, NRO 065, FLORES, MANAUS-AM, CEP 69028-120
REFRIGERANTE COCA 2L;R$ 6,89;CAMPEAO SUPERMERCADOS LTDA;RUA JOAO PAULO I, NRO 001, ALVORADA, MANAUS-AM, CEP 69043-000
REFRIGERANTE E OUTRO;R$ 6,95;SF GOURMET;AVENIDA DJALMA BATISTA, NRO 1661, CHAPADA, MANAUS-AM, CEP 69050-970
REFRIGERANTE COCA COLA   2L UND;R$ 6,95;VAREJAO VIEIRALVES;AV JOAO VALERIO, NRO 664, NOSSA SENHORA DAS GRACAS, MANAUS-AM, CEP 69053-140
E - REFRIGERANTE LAT;R$ 6,95;SF GOURMET;AVENIDA DJALMA BATISTA, NRO 1661, CHAPADA, MANAUS-AM, CEP 69050-970
REFRIGERANTE FANTA  LARANJA 2LT UND;R$ 6,95;VAREJAO VIEIRALVES;AV JOAO VALERIO, NRO 664, NOSSA SENHORA DAS GRACAS, MANAUS-AM, CEP 69053-140
REFRIGERANTE FANTA LARANJA PET 2L;R$ 6,95;SUPERMERCADO LEITE E MEL;AV. FABIO LUCENA, NRO 1460, JAPIIM, MANAUS-AM, CEP 69077-000
REFRIGERANTE COCA COLA PET 2L;R$ 6,95;SUPERMERCADO LEITE E MEL;AV. FABIO LUCENA, NRO 1460, JAPIIM, MANAUS-AM, CEP 69077-000
REFRIGERANTE C0CA COLA ZERO PET 2L;R$ 6,95;SUPERMERCADO LEITE E MEL;AV. FABIO LUCENA, NRO 1460, JAPIIM, MANAUS-AM, CEP 69077-000
REFRIGERANTE COCA COLA  ZERO 2L UND;R$ 6,95;VAREJAO VIEIRALVES;AV JOAO VALERIO, NRO 664, NOSSA SENHORA DAS GRACAS, MANAUS-AM, CEP 69053-140
REFRIGERANTE FANTA UVA 2L;R$ 6,99;PADARIA LISBOA;RUA VOLUNTARIOS DA PATRIA, NRO 432, VILA DA PRATA, MANAUS-AM, CEP 69030-520
REFRIGERANTE COCA COLA PET 2 LITROS;R$ 6,99;MERCADINHO 3 CORACOES;RUA VEIGA MIRANDA, NRO 590, SANTO ANTONIO, MANAUS-AM, CEP 69029-340
REFRIGERANTE FANTA UVA 2L UN COCA COLA;R$ 6,99;PADARIA LISBOA;RUA VOLUNTARIOS DA PATRIA, NRO 432, VILA DA PRATA, MANAUS-AM, CEP 69030-520
REFRIGERANTE LATA;R$ 6,99;GRAO ESPRESSO;AVENIDA MARIO YPIRANGA, NRO 1300, ADRIANOPOLIS, MANAUS-AM, CEP 69057-002
REFRIGERANTE FANTA LARANJA PET 2 LITROS;R$ 6,99;MERCADINHO 3 CORACOES;RUA VEIGA MIRANDA, NRO 590, SANTO ANTONIO, MANAUS-AM, CEP 69029-340
REFRIGERANTE FANTA UVA PET 2 LT;R$ 6,99;MERCADINHO 3 CORACOES;RUA VEIGA MIRANDA, NRO 590, SANTO ANTONIO, MANAUS-AM, CEP 69029-340
REFRIGERANTE G. ANTARTICA PET;R$ 7,00;TAVARES & SOBRINHO CONVENIENCIAS;AV SILVES, NRO 780, CACHOEIRINHA, ESQ BORBA, MANAUS-AM, CEP 69065-080
REFRIGERANTE GUARANA ANTARTICA 2L REFRIGERANTE (ANTARTICA);R$ 7,00;FRANK PAN;RUA MAJOR GABRIEL, NRO 1311, CENTRO, MANAUS-AM, CEP 69020-060
REFRIGERANTE ANTARCTICA GUARANA 2L;R$ 7,00;AUTO POSTO ARENA;LORIS CORDOVIL, NRO 907, ALVORADA, MANAUS-AM, CEP 69043-010
REFRIGERANTE FANTA LARANJA 1.5L PET;R$ 7,00;LOJAS AMPM;VALERIO BOTELHO DE ANDRADE, NRO 284, SAO FRANCISCO, LOJA 02, MANAUS-AM, CEP 69079-260
ICE COLA 2L REFRIGERANTE;R$ 7,00;FLEXYFARMA;AV SANTOS DUMMONT, NRO 1350, TARUMA, TERM 1 LOJA 22, MANAUS-AM, CEP 69041-000
REFRIGERANTE FANTA LARANJA 2L;R$ 7,00;AUTO POSTO ARENA;LORIS CORDOVIL, NRO 907, ALVORADA, MANAUS-AM, CEP 69043-010
REFRIGERANTE BARE GUARANA 2L;R$ 7,00;AUTO POSTO ARENA;LORIS CORDOVIL, NRO 907, ALVORADA, MANAUS-AM, CEP 69043-010
REFRIGERANTE FANTA UVA 1,5L;R$ 7,00;GUGA CONVENIENCIA;RUA CEL. FERREIRA DE ARAUJO, NRO 809, PETROPOLIS, MANAUS-AM, CEP 69063-000
REFRIGERANTE COCA COLA ZERO  1,5L;R$ 7,00;LOJAS AMPM;VALERIO BOTELHO DE ANDRADE, NRO 284, SAO FRANCISCO, LOJA 02, MANAUS-AM, CEP 69079-260
REFRIGERANTE FANTA UVA 2L;R$ 7,00;AUTO POSTO ARENA;LORIS CORDOVIL, NRO 907, ALVORADA, MANAUS-AM, CEP 69043-010
REFRIGERANTE FANTA LARANJA PET 1,5L;R$ 7,00;TABERNAO;RUA FRANCISCO ARRUDA, NRO 301, COROADO, MANAUS-AM, CEP 69083-060
REFRIGERANTE COCA COLA PET 1,5L;R$ 7,00;TABERNAO;RUA FRANCISCO ARRUDA, NRO 301, COROADO, MANAUS-AM, CEP 69083-060
REFRIGERANTE COCA COLA 2L UN COCA COLA;R$ 7,07;PADARIA LISBOA;RUA VOLUNTARIOS DA PATRIA, NRO 432, VILA DA PRATA, MANAUS-AM, CEP 69030-520
REFRIGERANTE COCA COLA 2L;R$ 7,07;PADARIA LISBOA;RUA VOLUNTARIOS DA PATRIA, NRO 432, VILA DA PRATA, MANAUS-AM, CEP 69030-520
REFRIGERANTE COCA COLA 2.5LT;R$ 7,39;SUPERMERCADO NORDESTE;AV TORQUATO TAPAJOS, NRO 10949, TARUMA, NAO INFORMADO, MANAUS-AM, CEP 69041-025
REFRIGERANTE PEPSI 2L;R$ 7,50;GUGA CONVENIENCIA;RUA CEL. FERREIRA DE ARAUJO, NRO 809, PETROPOLIS, MANAUS-AM, CEP 69063-000
REFRIGERANTE ANTARCTICA GUARANA REPETE PET 2L;R$ 7,50;TABERNAO;RUA FRANCISCO ARRUDA, NRO 301, COROADO, MANAUS-AM, CEP 69083-060
REFRIGERANTE;R$ 7,50;FRIGONORTE COMERCIAL DE BEBIDA;RUA COLOMBIA, NRO 001, PARQUE 10, MANAUS-AM, CEP 69050-480
REFRIGERANTE 1,5L 1055;R$ 7,50;BRASPAO;AVENIDA LEOPOLDO PERES, NRO 672, EDUCANDOS, MANAUS-AM, CEP 69070-250
REFRIGERANTE ANTARCTICA SODA LIMONADA 2L;R$ 7,50;TABERNAO;RUA FRANCISCO ARRUDA, NRO 301, COROADO, MANAUS-AM, CEP 69083-060
REFRIGERANTE  1,5 MAGISTRAL;R$ 7,50;LARANJEIRAS RESTAURANTE E PIZZARIA;RUA PERNAMBUCO, NRO 15, FLORES, LOTE 15 CONJ PQ DAS LARANJEIRAS, MANAUS-AM, CEP 69058-480
REFRIGERANTE COCA COLA 2 5L;R$ 7,65;EXPRESSO TARUMA;R J. LEITE, NRO 292, TARUMA, MANAUS-AM, CEP 69022-160
REFRIGERANTE REFIL;R$ 7,90;GIRAFFAS;MARIO YPIRANGA, NRO 1300, ADRIANOPOLIS, MANAUS-AM, CEP 69057-002
E - REFRIGERANTE REF;R$ 7,95;SF GOURMET;AVENIDA DJALMA BATISTA, NRO 1661, CHAPADA, MANAUS-AM, CEP 69050-970
REFRIGERANTE  COCA COLA  2L;R$ 8,00;AUTO POSTO ARENA;LORIS CORDOVIL, NRO 907, ALVORADA, MANAUS-AM, CEP 69043-010
REFRIGERANTE LITRO COCA COLA;R$ 8,00;LANCHE MINEIR O;RUA AYRES DE ALMEIDA, NRO 168, RAIZ, MANAUS-AM, CEP 69000-000
REFRIGERANTE COCA-CO;R$ 8,00;ILHA GELADA TIMBIRAS;AV. TIMBIRAS, NRO 92, CIDADE NOVA II, LOJA C, MANAUS-AM, CEP 69094-000
REFRIGERANTE COCA COLA 1.5;R$ 8,00;Mangiare Pizzaria;RUA DAS AMETISTAS, NRO 219, NOSSA SENHORA DAS GRACAS, COND SAINT ANDRE APTO 302, MANAUS-AM, CEP 69053-590
REFRIGERANTE COCA COLA ZERO 2L;R$ 8,00;AUTO POSTO ARENA;LORIS CORDOVIL, NRO 907, ALVORADA, MANAUS-AM, CEP 69043-010
REFRIGERANTE COCA COLA PET 2L ZERO;R$ 8,00;TABERNAO;RUA FRANCISCO ARRUDA, NRO 301, COROADO, MANAUS-AM, CEP 69083-060
REFRIGERANTE COCA COLA ZERO 2L;R$ 8,00;LOJAS AMPM;VALERIO BOTELHO DE ANDRADE, NRO 284, SAO FRANCISCO, LOJA 02, MANAUS-AM, CEP 69079-260
REFRIGERANTE FANTA UVA 2L;R$ 8,00;LOJAS AMPM;VALERIO BOTELHO DE ANDRADE, NRO 284, SAO FRANCISCO, LOJA 02, MANAUS-AM, CEP 69079-260
REFRIGERANTE COCA COLA PET 2L;R$ 8,00;POSTO NAUTILUS;MARGEM ESQUERDA DO RIO TARUMA, PONTA NEGRA, MANAUS-AM, CEP 69037-010
REFRIGERANTE BARE;R$ 8,00;Mangiare Pizzaria;RUA DAS AMETISTAS, NRO 219, NOSSA SENHORA DAS GRACAS, COND SAINT ANDRE APTO 302, MANAUS-AM, CEP 69053-590
REFRIGERANTE COCA COLA PET 2L;R$ 8,00;TABERNAO;RUA FRANCISCO ARRUDA, NRO 301, COROADO, MANAUS-AM, CEP 69083-060
REFRIGERANTE COCA COLA 2L;R$ 8,00;GUGA CONVENIENCIA;RUA CEL. FERREIRA DE ARAUJO, NRO 809, PETROPOLIS, MANAUS-AM, CEP 69063-000
COCA COLA,REFRIGERANTE DE COLA SABOR ORIGINAL,2,5L;R$ 8,00;MERCADINHO UNIAO;AV DUQUE DE CAXIAS, NRO 1246, PRACA 14 DE JANEIRO, MANAUS-AM, CEP 69020-141
REFRIGERANTE BARE PET 2L;R$ 8,00;POSTO NAUTILUS;MARGEM ESQUERDA DO RIO TARUMA, PONTA NEGRA, MANAUS-AM, CEP 69037-010
REFRIGERANTE COCA COLA 2LT COD.6810;R$ 8,00;CASA CANINA;AV. IVANETE MACHADO, 936, CJ. CASTELO BRANCO, NRO 936, PARQUE 10, MANAUS-AM, CEP 69048-660
REFRIGERANTE COCA COLA ZERO 2L;R$ 8,25;TAVARES & SOBRINHO CONVENIENCIAS;AV SILVES, NRO 780, CACHOEIRINHA, ESQ BORBA, MANAUS-AM, CEP 69065-080
REFRIGERANTE COCA COLA PET 2L;R$ 8,25;TAVARES & SOBRINHO CONVENIENCIAS;AV SILVES, NRO 780, CACHOEIRINHA, ESQ BORBA, MANAUS-AM, CEP 69065-080
REFRIGERANTE COCA COLA 3LT;R$ 8,29;SUPERMERCADO NORDESTE;AV TORQUATO TAPAJOS, NRO 10949, TARUMA, NAO INFORMADO, MANAUS-AM, CEP 69041-025
REFRIGERANTE PEPSI 2 LTS REPET;R$ 8,50;POSTO SAO LUCAS;RODRIGO OTAVIO, NRO 20, COROADO, MANAUS-AM, CEP 69080-005
REFRIGERANTE ANTARCTICA GUARANA 2L;R$ 8,50;LOJAS AMPM;VALERIO BOTELHO DE ANDRADE, NRO 284, SAO FRANCISCO, LOJA 02, MANAUS-AM, CEP 69079-260
REFRIGERANTE COCA COLA PET 3L;R$ 8,65;EXPRESSO TARUMA;R J. LEITE, NRO 292, TARUMA, MANAUS-AM, CEP 69022-160
REFRIGERANTE REFIL;R$ 8,95;TRATTORIA PORTOFINO;AVE MARIO YPIRANGA, NRO 1300, ADRIANOPOLIS, MANAURA SHOPPING, MANAUS-AM, CEP 69057-002
REFRIGERANTE FANTA LARANJA PET C/2L;R$ 9,00;Conven - Loja de Conveniência;RUA DO COMERCIO 2, NRO 44, PARQUE 10, EM FRENTE A CACHAÇARIA DO DEDÉ, MANAUS-AM, CEP 69057-000
REFRIGERANTE FANTA LARANJA 2L;R$ 9,00;LOJAS AMPM;VALERIO BOTELHO DE ANDRADE, NRO 284, SAO FRANCISCO, LOJA 02, MANAUS-AM, CEP 69079-260
REFRIGERANTE 1.5L(DELIVERY);R$ 9,00;ARIRANG FORNECIMENTO DE ALIMENTOS LTDA;RUA ACRE, NRO 00022, NSA SRA DAS GRACAS, VIEIRALVES, MANAUS-AM, CEP 69000-000
REFRIGERANTE  COCA COLA  2L;R$ 9,00;LOJAS AMPM;VALERIO BOTELHO DE ANDRADE, NRO 284, SAO FRANCISCO, LOJA 02, MANAUS-AM, CEP 69079-260
REFRIGERANTE COLA ZERO 500ML;R$ 9,50;PUNTO PEDRO TEIXEIRA COMERCIO DE ALIMENTOS LTDA;PEDRO TEIXEIRA, NRO 15, DOM PEDRO I, CONJ KISSIA, MANAUS-AM, CEP 69040-000
REFRIGERANTE DE 2LT;R$ 9,50;DI MARIA REFEICOES;RUA BIRIBA, NRO 00034, CIDADE NOVA, MANAUS-AM, CEP 69095-000
REFRIGERANTE LARANJINHA 250 ML [DIVERSOS];R$ 9,90;DIST FORMIGUETE 3 IRMAOS;AV BRIGADEIRO HILARIO GURJAO FONE-33470057, NRO 068, JORGE TEIXEIRA, MANAUS-AM, CEP 69088-000
REFIL DE REFRIGERANT;R$ 9,95;SF GOURMET;AVENIDA DJALMA BATISTA, NRO 1661, CHAPADA, MANAUS-AM, CEP 69050-970
REFRIGERANTE 2L;R$ 10,00;A F B GONCALVES - ME;RUA RIO JAVARI, NRO 00036, N S DAS GRACAS, CONJUNTO JARDIM AMAZONAS, MANAUS-AM, CEP 69053-110
REFRIGERANTE GRAPETTE 12X250ML;R$ 10,50;DISTRIBUIDORA MT;AV. BRIGADEIRO HILARIO GURJAO, NRO 251, JORGE TEXEIRA, MANAUS-AM, CEP 69088-000
COXINHA   REFRIGERANTE LATA;R$ 13,48;GRAO ESPRESSO;AVENIDA MARIO YPIRANGA, NRO 1300, ADRIANOPOLIS, MANAUS-AM, CEP 69057-002
REFRIGERANTE   SALGADO;R$ 13,50;IVANEIDE CARACAS BEZERRA - ME;DJALMA BATISTA, NRO 482, PARQUE 10 DE NOVEMBRO, LOJA 420, MANAUS-AM, CEP 69055-038
REFRIGERANTE 2L;R$ 15,00;LARANJEIRAS RESTAURANTE E PIZZARIA;RUA PERNAMBUCO, NRO 15, FLORES, LOTE 15 CONJ PQ DAS LARANJEIRAS, MANAUS-AM, CEP 69058-480
PROMOCAO PIZZA GRANDE + REFRIGERANTE 2 L;R$ 20,00;PANIFICADORA CINTIA;AV CONTANTINO NERY, NRO 2389, CHAPADA, MANAUS-AM, CEP 69050-001
REFRIGERANTE BIZZ COLA 2 LT C/ 9 UND;R$ 22,00;AGUAS DA TERRA;AV. COSME FERREIRA, NRO 6039, ALEIXO, MANAUS-AM, CEP 69083-000
REFRIGERANTE FLESH LARANJA 2 LT C/ 9 UND;R$ 22,00;AGUAS DA TERRA;AV. COSME FERREIRA, NRO 6039, ALEIXO, MANAUS-AM, CEP 69083-000
REFRIGERANTE BIZZ COLA 3 LT C/ 6 UND;R$ 22,00;AGUAS DA TERRA;AV. COSME FERREIRA, NRO 6039, ALEIXO, MANAUS-AM, CEP 69083-000
PIZZA GRANDE REFRIGERANTE 1 5L LISBOA PRODUCAO;R$ 24,90;PADARIA LISBOA;RUA VOLUNTARIOS DA PATRIA, NRO 432, VILA DA PRATA, MANAUS-AM, CEP 69030-520
COMBO GALERA- 100 SALGADOS+ REFRIGERANTE 2L;R$ 30,00;FAST COXINHA;AV JOAO VALERIO, NRO 020, SAO GERALDO, MANAUS-AM, CEP 69053-358
PIZZA GRANDE 2 REFRIGERANTE 1 5L;R$ 34,90;PADARIA LISBOA;RUA VOLUNTARIOS DA PATRIA, NRO 432, VILA DA PRATA, MANAUS-AM, CEP 69030-520
PIZZA GRANDE 2 REFRIGERANTE 1 5L LISBOA PRODUCAO;R$ 34,90;PADARIA LISBOA;RUA VOLUNTARIOS DA PATRIA, NRO 432, VILA DA PRATA, MANAUS-AM, CEP 69030-520
GAS REFRIGERANTE HFC R134A ONU3159;R$ 35,00;RONDONIA REFRIGERACAO;RUA RIO CARAUARI, NRO 055, SAO JOSE OPERARIO, MANAUS-AM, CEP 69086-001
GAS REFRIGERANTE HFC R425A ONU3163;R$ 35,00;RONDONIA REFRIGERACAO;RUA RIO CARAUARI, NRO 055, SAO JOSE OPERARIO, MANAUS-AM, CEP 69086-001
GAS R134A REFRIGERANTE QUILO TTLN;R$ 40,00;ARISTEU REFRIGERACAO;RUA DOMINGOS MONTEIRO, NRO 041, SAO FRANCISCO, MANAUS-AM, CEP 69079-430
GAS R134 A KG REFRIGERANTE G3807;R$ 42,11;AMAZONAS REFRILAR;AV DESEMBARGADOR JOAO MACHADO, NRO 690, ALVORADA I, MANAUS-AM, CEP 69042-360
GAS R22 QUILO REFRIGERANTE TIPI;R$ 45,00;ARISTEU REFRIGERACAO;RUA DOMINGOS MONTEIRO, NRO 041, SAO FRANCISCO, MANAUS-AM, CEP 69079-430
GAS REFRIGERANTE HCFC R22 ONU1018;R$ 45,00;RONDONIA REFRIGERACAO;RUA RIO CARAUARI, NRO 055, SAO JOSE OPERARIO, MANAUS-AM, CEP 69086-001
GAS REFRIGERANTE HFC R410A ONU3163;R$ 48,00;RONDONIA REFRIGERACAO;RUA RIO CARAUARI, NRO 055, SAO JOSE OPERARIO, MANAUS-AM, CEP 69086-001
GAS R410A QUILO REFRIGERANTE SOUSA;R$ 50,00;ARISTEU REFRIGERACAO;RUA DOMINGOS MONTEIRO, NRO 041, SAO FRANCISCO, MANAUS-AM, CEP 69079-430
GAS REFRIGERANTE HFC R134A ONU3159 (0.750KG);R$ 50,00;RONDONIA REFRIGERACAO;RUA RIO CARAUARI, NRO 055, SAO JOSE OPERARIO, MANAUS-AM, CEP 69086-001
GAS R404A QUILO REFRIGERANTE SOUSA;R$ 60,00;ARISTEU REFRIGERACAO;RUA DOMINGOS MONTEIRO, NRO 041, SAO FRANCISCO, MANAUS-AM, CEP 69079-430
R141B 13,60KGGAS REFRIGERANTE R141B EOS 13.60KG;R$ 473,33;AR FRIO REFRIGERACAO;RUA COMANDANTE EYNER ENCARNACAO, NRO 217, DA PAZ, MANAUS-AM, CEP 69049-060
